,symbol,current_status,batch_number,batch_lot,qty_buys,qty_sells,qty_net,amount_buys,amount_sells,amount_net,CB_batch,CB_effective,SB_avg,p&l_batch,p&l_ticker
0,AAPL,Active,1,5,2.828363,0,2.828363,470.02,20.0,470.02,166.18261978748842,166.18093222121772,0,0,0
1,AMTB,Active,2,1,4.0,0,4.0,114.84,0,114.84,28.71,28.71,0,0,-23.226291260000025
2,AMZN,Active,1,9,0.303211,0.067299,0.235912,920.0,280.0,690.0,2964.5675465614313,2924.8194241920714,3417.5817882880874,9.37684687440031,9.37684687440031
3,APA,Active,2,1,3.0,0,3.0,122.19,0,122.19,40.73,40.73,0,0,-3.8727438600000035
4,COST,Active,1,4,0.557666,0,0.557666,300.0,25.0,300.0,537.9565578500392,537.9564111851897,0,0,0
5,CRWD,Active,2,4,1.201784,0,1.201784,250.0,0,250.0,208.02391021181842,208.02407088128982,0,0,-73.56225946000002
6,CVX,Active,1,4,5.0,1.0,4.0,840.79,326.4,682.71,169.09,170.6775,158.08,-6.349999999999994,-6.349999999999994
7,GOOG,Active,1,2,0.164124,0,0.164124,450.0,50.0,450.0,2741.8256250761624,2741.829348541347,0,0,0
8,GRPN,Active,1,1,1.0,0,1.0,3.83,3.83,3.83,3.83,3.83,0,0,0
9,HES,Active,2,2,4.0,2.0,2.0,439.57,228.06,211.51,111.715,105.755,114.03,11.920000000000016,13.886429940000014
10,ISRG,Active,1,4,0.424003,0.205321,0.21868200000000002,209.0,150.0,159.0,492.91919830755916,727.0831618514555,243.52,-51.20689279570635,-51.20689279570635
11,LPLA,Active,2,1,1.0,0,1.0,179.35,0,179.35,179.35,179.35,0,0,20.810000000000002
12,MA,Active,1,4,0.324461,0,0.324461,120.08,50.0,120.08,370.0890646333458,370.09070427570646,0,0,0
13,ME,Active,1,1,3.0,0,3.0,30.57,30.57,30.57,10.19,10.19,0,0,0
14,MKC,Active,1,6,1.9999999999999998,1.0,0.9999999999999998,185.24,191.62,83.32,93.78572965057214,83.32000000000001,101.92,10.466007310572124,10.466007310572124
15,MSFT,Active,1,4,1.26382,0.296757,0.967063,400.37,200.0,300.37,311.52031030311366,310.6002401084521,336.98,0.8897485226599923,0.8897485226599923
16,NGAC,Active,1,1,5.0,0,5.0,50.35,50.35,50.35,10.07,10.07,0,0,0
17,OXY,Active,2,4,9.0,3.0,6.0,556.98,195.92,361.06000000000006,63.36600000000001,60.17666666666668,65.30666666666666,19.135999999999996,20.455999999999996
18,PFE,Active,1,1,3.0,1.0,2.0,149.97,199.95,99.99000000000001,49.99,49.995000000000005,49.98,-0.010000000000005116,-0.010000000000005116
19,QDEL,Active,1,4,0.8749899999999999,0.290298,0.584692,120.0,87.0,83.0,132.03471518220422,141.9550806236446,127.46,-5.799507330686649,-5.799507330686649
20,TGT,Active,1,9,2.323621,0,2.323621,487.25,189.0,487.25,209.6936033716342,209.69426597538927,0,0,0
21,TSLA,Active,5,5,0.6806940000000001,0.167069,0.5136250000000001,650.0,120.0,530.0,954.9082350365949,1031.8812363105376,718.2616600326811,-39.53630663932887,7.97398201067114
22,TTD,Active,3,2,7.0,0,7.0,352.62,0,352.62,50.37428571428571,50.37428571428571,0,0,-406.92888015000005
23,TWI,Active,1,2,11.0,0,11.0,190.10000000000002,86.9,190.10000000000002,17.281818181818178,17.281818181818185,0,0,0
24,V,Active,1,4,1.240185,0.347825,0.89236,290.96,315.26,215.95999999999998,234.61001650560198,242.00995114079515,215.63,-6.601724241061008,-6.601724241061008
25,VGAC,Active,1,1,3.0,0,3.0,29.94,29.94,29.94,9.98,9.98,0,0,0
26,VRSN,Active,1,4,0.620458,0,0.620458,150.0,75.0,150.0,241.75635345180498,241.75689571252207,0,0,0
27,WBD,Active,1,1,1.0,0,1.0,23.55,23.55,23.55,23.55,23.55,0,0,0
28,ZNGA,Active,1,1,1.0,0,1.0,3.69,3.69,3.69,3.69,3.69,0,0,0
29,AAOI,Inactive,1,1,1.0,1.0,0.0,57.93,119.67,-3.8100000000000023,57.93,57.93,61.74,3.8100000000000023,3.8100000000000023
30,ABC,Inactive,1,1,1.0,1.0,0.0,165.24,324.03,6.450000000000017,165.24,165.24,158.79,-6.450000000000017,-6.450000000000017
31,ABCB,Inactive,1,4,1.958812,1.958812,0.0,103.0,111.04,16.959999999999994,52.584538771459435,52.582892079484914,43.92,-16.972202519999996,-16.972202519999996
32,ABNB,Inactive,1,1,1.0,1.0,5.551115123125783e-17,148.04,306.28999999999996,-10.210000000000008,148.04,148.55160154653115,158.25389537,10.21389537000001,10.21389537000001
33,ACLS,Inactive,2,1,3.0,3.0,0.0,170.88,161.09,9.789999999999992,56.96,56.96,53.70000000000001,-9.779999999999994,-19.54
34,ACN,Inactive,1,6,0.643451,0.643451,0.0,245.0,245.55,24.44999999999999,380.7587853620556,381.27639605818865,342.7617381276896,-24.449238040000036,-24.449238040000036
35,ADBE,Inactive,1,3,0.341823,0.341823,0.0,209.0,379.23,-20.22999999999999,611.4270207095485,611.4275516861065,670.61,20.23010353,20.23010353
36,ADSK,Inactive,1,5,0.49682,0.49682,0.0,150.0,186.3,-11.300000000000011,301.92022426633395,301.92021255182965,324.66,11.29757537999998,11.29757537999998
37,AFRM,Inactive,1,5,1.29347,1.2934700000000001,-1.6653345369377348e-16,160.0,190.25,19.75,123.70024000556643,144.63302984502576,108.42509430446783,-19.75794271000001,-19.75794271000001
38,ALRM,Inactive,1,1,0.596801,0.596801,0.0,50.0,98.83,1.1700000000000017,83.78,83.78,81.82,-1.1697299600000048,-1.1697299600000048
39,AMAT,Inactive,1,1,1.0,1.0,0.0,41.85,83.66,0.03999999999999915,41.85,41.85,41.81,-0.03999999999999915,-0.03999999999999915
40,AMD,Inactive,1,9,3.223499,3.2234990000000003,-2.220446049250313e-16,394.0,411.15999999999997,7.840000000000003,120.50513287792906,101.69953553717276,119.7975432937935,-7.837272319999997,-7.837272319999997
41,AMPH,Inactive,1,2,3.065308,3.065308,-8.326672684688674e-17,130.0,220.36,9.639999999999999,42.410391627855994,184.9696821216392,39.26519190893704,-9.641005859999998,-9.641005859999998
42,APPH,Inactive,1,6,22.586224,22.586224,0.0,203.9,215.79000000000002,89.61,9.027968903080037,9.027626751598673,5.06,-89.62143447000003,-89.62143447000003
43,ATVI,Inactive,1,2,2.0,2.0,0.0,190.63,211.85,75.13,95.315,124.61586448656101,57.74805018,-75.13389964000001,-75.13389964000001
44,AXON,Inactive,2,4,1.0763850000000001,1.076385,2.220446049250313e-16,155.0,134.83,20.169999999999987,143.9996360874594,144.00052025994415,125.26000000000002,-20.171063189999987,-14.318836839999989
45,BARK,Inactive,1,2,2.0,2.0,0.0,20.06,26.950000000000003,3.139999999999997,10.03,10.03,8.46,-3.139999999999997,-3.139999999999997
46,BASE,Inactive,1,1,1.471343,1.471343,0.0,50.0,82.6,17.4,33.98,33.98,22.16,-17.391274259999996,-17.391274259999996
47,BILL,Inactive,1,1,0.299222,0.299222,0.0,75.0,138.29,11.71,250.65,250.65,211.52,-11.708556859999998,-11.708556859999998
48,BKNG,Inactive,1,3,0.055143,0.055143,0.0,125.0,168.09,-18.090000000000003,2266.834736049907,2266.83350561268,2594.89,18.089951419999974,18.089951419999974
49,BLIN,Inactive,2,2,18.319910999999998,18.319910999999998,-1.7763568394002505e-15,100.0,68.77,31.23,5.459369643771741,5.447721399922927,3.7518841996557737,-31.280981370000006,-18.63441578
50,BLK,Inactive,2,1,0.05469,0.05469,0.0,50.0,39.92,10.079999999999998,914.24,914.24,729.93,-10.079913900000003,-10.229905320000002
51,BLND,Inactive,1,4,6.57438,6.57438,0.0,109.65,83.5,56.150000000000006,16.680025576556268,16.678378797696514,8.14,-56.14537334999999,-56.14537334999999
52,BX,Inactive,1,3,2.295785,2.295785,-1.1102230246251565e-16,315.0,292.5,37.5,137.20774048092483,162.59457584494984,120.87705388353004,-37.49174533,-37.49174533
53,CFLT,Inactive,1,8,4.050764,4.050764,2.220446049250313e-16,304.0,250.88,78.12,72.61989461109297,91.87760232867959,55.763259024717314,-78.11847206999997,-78.11847206999997
54,CHKP,Inactive,1,1,1.0,1.0,0.0,142.6,278.71000000000004,6.489999999999981,142.6,142.6,136.11,-6.489999999999981,-6.489999999999981
55,CIEN,Inactive,1,1,2.0,2.0,0.0,103.82,209.01999999999998,-1.3800000000000097,51.91,51.91,52.6,1.3800000000000097,1.3800000000000097
56,CMG,Inactive,1,1,0.031562,0.031562,0.0,50.0,105.22999999999999,-5.229999999999997,1584.18,1584.18,1749.89,5.230139020000001,5.230139020000001
57,COIN,Inactive,3,3,0.12663000000000002,0.12663,2.7755575615628914e-17,40.0,33.56,6.439999999999998,315.87677098633804,315.8809128958382,265.02,-6.439992909999988,-6.709495119999987
58,CRM,Inactive,2,3,0.48766600000000004,0.487666,5.551115123125783e-17,125.0,96.8,28.200000000000003,256.3220151497131,256.32297515102545,198.5,-28.19783083999998,-3.757770669999985
59,CRMT,Inactive,1,1,0.122906,0.122906,0.0,20.0,32.019999999999996,7.98,162.73,162.73,97.8,-7.98028658,-7.98028658
60,CRNC,Inactive,2,1,1.153749,1.153749,0.0,50.0,41.44,8.560000000000002,43.34,43.34,35.92,-8.560817580000002,-3.661032520000008
61,CRTD,Inactive,1,1,11.0,11.0,0.0,65.23,122.43,8.030000000000001,5.93,5.93,5.2,-8.029999999999994,-8.029999999999994
62,CUEN,Inactive,1,1,12.106537,12.106537,0.0,100.0,181.12,18.879999999999995,8.26,8.26,6.7,-18.886197719999995,-18.886197719999995
63,DAL,Inactive,1,1,2.426889,2.426889,0.0,100.0,193.65,6.349999999999994,41.21,41.21,38.59,-6.358449179999994,-6.358449179999994
64,DDOG,Inactive,1,1,0.215796,0.215796,0.0,30.0,59.69,0.3099999999999987,139.02,139.02,137.58,-0.3107462399999995,-0.3107462399999995
65,DIS,Inactive,1,2,0.390032,0.390032,0.0,70.0,92.03999999999999,12.96,179.46994282520407,179.47245354227346,146.24,-12.960741059999991,-12.960741059999991
66,DKS,Inactive,1,1,1.0,1.0,0.0,124.07,252.09,-3.950000000000017,124.07,124.07,128.02,3.950000000000017,3.950000000000017
67,DLO,Inactive,1,1,0.719919,0.719919,0.0,25.0,45.78,4.219999999999999,34.73,34.73,28.859999999999996,-4.225924529999998,-4.225924529999998
68,DMTK,Inactive,1,2,0.605275,0.605275,0.0,21.0,12.66,9.34,34.694880376688275,34.69497335921688,19.26,-9.342347219999995,-9.342347219999995
69,DOCS,Inactive,1,3,1.663979,1.6639789999999999,1.1102230246251565e-16,110.0,135.29,24.71,66.10863828209371,76.81241639791465,51.256015983374795,-24.714451600000004,-24.714451600000004
70,DOCU,Inactive,1,5,0.601784,0.601784,0.0,164.0,110.36,78.64,272.52588825891013,272.523031519615,141.84,-78.64467657999997,-78.64467657999997
71,DRRX,Inactive,1,1,15.0,15.0,0.0,14.92,30.369999999999997,-0.5299999999999994,0.99,0.99,1.03,0.6000000000000005,0.6000000000000005
72,DVN,Inactive,1,1,1.632399,1.632399,-1.1102230246251565e-16,100.0,199.26999999999998,0.7299999999999969,61.26,68.58012109443564,60.8139704631037,-0.7280981699999898,-0.7280981699999898
73,EGP,Inactive,1,2,0.16269899999999998,0.162699,-2.7755575615628914e-17,32.0,48.69,0.3099999999999987,196.68373241384396,196.68221685443675,194.78,-0.3097353599999976,-0.3097353599999976
74,ENB,Inactive,1,1,1.237404,1.237404,0.0,50.0,95.7,4.299999999999997,40.41,40.41,36.93,-4.306165919999996,-4.306165919999996
75,EOG,Inactive,2,1,2.0,2.0,0.0,227.64,247.78,-20.140000000000015,113.82,113.82,123.89,20.140000000000015,14.03228627
76,EPAM,Inactive,2,3,0.147045,0.147045,0.0,101.0,42.75,58.25,686.8690205039273,686.8645652691353,290.73,-58.25026227,-47.62000487
77,ESTC,Inactive,1,3,2.1793810000000002,2.1793810000000002,2.220446049250313e-16,275.0,227.26,97.74000000000001,126.18232966149559,630.3900636076277,81.3353255442715,-97.73870867999993,-97.73870867999993
78,ETSY,Inactive,1,6,1.0843729999999998,1.084373,-2.220446049250313e-16,234.0,181.61,102.39,215.79349376091074,235.01512836077544,121.36512654778383,-102.39557184000006,-102.39557184000006
79,EW,Inactive,1,1,1.0,1.0,0.0,120.91,238.41,3.4099999999999966,120.91,120.91,117.5,-3.4099999999999966,-3.4099999999999966
80,F,Inactive,2,4,4.897489,4.897489,0.0,100.0,80.62,19.379999999999995,20.419830298751055,20.41862676975895,16.46,-19.393225330000003,-16.119025010000005
81,FANG,Inactive,1,2,1.0,1.0,0.0,134.66,225.55,9.11,134.6629737,134.66,125.55,-9.112973700000012,-9.112973700000012
82,FB,Inactive,2,1,0.146606,0.146606,0.0,50.0,32.69,17.310000000000002,341.05,341.05,222.98,-17.309770420000003,-4.333725190000015
83,FMC,Inactive,1,1,1.0,1.0,0.0,138.08,273.75,2.410000000000025,138.08,138.08,135.67,-2.410000000000025,-2.410000000000025
84,FVRR,Inactive,1,3,1.568735,1.5687350000000002,0.0,265.77,314.43,-23.660000000000025,169.4170796852241,129.4971927446741,184.49839619183606,23.658589049999954,23.658589049999954
85,GDYN,Inactive,1,1,0.645187,0.645187,0.0,25.0,34.04,15.96,38.75,38.75,14.01,-15.96192638,-15.96192638
86,GLBS,Inactive,1,1,5.0,5.0,0.0,19.25,38.45,0.05000000000000071,3.85,3.85,3.84,-0.050000000000001155,-0.050000000000001155
87,HAL,Inactive,1,2,3.058624,3.058624,6.938893903907228e-18,120.0,218.18,1.8200000000000016,39.23831597803457,65.67276200873364,38.63833839007345,-1.8351058500000121,-1.8351058500000121
88,HZNP,Inactive,1,1,1.0,1.0,0.0,113.34,218.92000000000002,7.760000000000005,113.34,113.34,105.58,-7.760000000000005,-7.760000000000005
89,IDXX,Inactive,1,2,0.115456,0.115456,0.0,75.0,98.72,1.2800000000000011,649.5976944463692,649.5981152993348,638.51,-1.2801408500000089,-1.2801408500000089
90,IKT,Inactive,1,1,50.0,50.0,0.0,138.25,278.4,-1.9000000000000057,2.77,2.77,2.8,1.4999999999999902,1.4999999999999902
91,INTC,Inactive,1,2,3.0519890000000003,3.051989,2.8449465006019636e-16,150.0,247.31,2.6900000000000044,49.6826246567217,98.4823712708453,48.266873130932,-2.6956087700000038,-2.6956087700000038
92,INTU,Inactive,1,1,0.06364,0.06364,0.0,40.0,80.02000000000001,-0.020000000000003126,628.54,628.54,628.85,0.019728400000003764,0.019728400000003764
93,IPI,Inactive,1,1,1.0,1.0,0.0,100.92,205.68,-3.8400000000000034,100.92,100.92,104.76,3.8400000000000034,3.8400000000000034
94,IQ,Inactive,1,1,2.0,2.0,0.0,65.8,88.1,43.5,32.9,32.9,11.15,-43.5,-43.5
95,KEY,Inactive,2,3,4.369059,4.369059,0.0,100.0,112.1,-12.099999999999994,22.89057874018181,22.888223757106505,25.66,12.099764880000007,10.016889100000004
96,LC,Inactive,2,4,1.004722,1.004722,0.0,35.0,26.2,8.8,34.83753687089564,34.835506737187,26.08,-8.79888996000001,-9.059232900000008
97,LCID,Inactive,2,2,1.2697120000000002,1.269712,2.220446049250313e-16,60.0,32.57,27.43,47.254060999659764,47.254810539712935,25.649999999999995,-27.4309355,-12.52093549999999
98,LITE,Inactive,2,1,0.505254,0.505254,0.0,50.0,41.96,8.04,98.96,98.96,83.05,-8.038591139999998,-9.368591139999996
99,LMND,Inactive,1,4,4.501239,4.501239,0.0,275.0,300.58000000000004,74.41999999999999,61.09507891938197,61.09428981664826,44.56,-74.42834209999997,-74.42834209999997
100,LOW,Inactive,1,2,1.004185,1.0041849999999999,1.6653345369377348e-16,192.10000000000002,422.49,-39.089999999999975,191.29941654177267,151.6470850527715,230.22690540089727,39.09040040000002,39.09040040000002
101,LRCX,Inactive,1,4,0.483696,0.483696,2.7755575615628914e-17,290.01,356.07,-16.060000000000002,599.5697583399491,540.6525552004996,632.771988935199,16.05978612999999,16.05978612999999
102,LULU,Inactive,1,8,0.5771470000000001,0.577147,1.1102230246251565e-16,230.0,204.01,50.99000000000001,398.5129521248486,398.51199087927336,310.16,-50.99264125999998,-50.99264125999998
103,LUV,Inactive,1,3,3.5121020000000005,3.5121019999999996,8.881784197001252e-16,175.0,245.3,29.700000000000003,49.83049570883761,52.46497228590302,41.37331467024592,-29.702482439999983,-29.702482439999983
104,MASI,Inactive,1,1,0.364431,0.36443099999999995,2.7755575615628914e-17,100.0,204.16,-4.16,274.4,0.0,285.81781130035597,4.161004390000012,4.161004390000012
105,MDIA,Inactive,2,1,5.0,5.0,0.0,71.63,71.65,-0.020000000000010232,14.33,14.33,14.330000000000002,0.0,3.8386117600000063
106,MELI,Inactive,2,3,0.12756299999999998,0.127563,-2.7755575615628914e-17,150.0,157.01,-7.009999999999991,1175.889281453086,1175.8895604524826,1230.84,7.009678509999992,-184.0908697399999
107,MITK,Inactive,1,4,10.585453000000001,10.585453,8.881784197001252e-16,155.97,209.82,-6.600000000000001,14.735584866325512,11.600320500360668,15.355610656435772,6.56325386000001,6.56325386000001
108,MKL,Inactive,1,3,0.060689999999999994,0.06069,-6.938893903907228e-18,75.0,113.72,-13.719999999999999,1235.7893234470262,1235.7884330202671,1461.86,13.720229359999976,13.720229359999976
109,MMAT,Inactive,1,2,15.0,15.0,0.0,116.5,188.99,6.810000000000002,7.766666666666667,7.766666666666667,7.31,-6.850000000000005,-6.850000000000005
110,MNDY,Inactive,1,3,0.3983920000000001,0.398392,5.551115123125783e-17,150.0,193.22,6.780000000000001,376.512742073134,376.5135846101327,359.5,-6.777740340000004,-6.777740340000004
111,MO,Inactive,1,2,3.054646,3.054646,1.1102230246251565e-16,154.62,306.63,0.030000000000001137,50.61792353680263,50.64045582533635,50.61000000000001,-0.024203600000003204,-0.024203600000003204
112,MOS,Inactive,1,1,2.0,2.0,0.0,130.05,260.17,-0.06999999999999318,65.03,65.03,65.06,0.060000000000002274,0.060000000000002274
113,MQ,Inactive,1,2,4.285238,4.285238,-3.3306690738754696e-16,70.0,92.69000000000001,27.310000000000002,16.33654879845647,107.27883381597135,9.961825723565413,-27.317205560000005,-27.317205560000005
114,MRIN,Inactive,2,1,3.831015,3.831015,-1.1102230246251565e-16,69.3,81.11,-11.809999999999999,18.09,6.786881103229185,21.17227810384454,11.808253649999997,18.238253649999994
115,MRVL,Inactive,1,4,1.96605,1.96605,0.0,170.0,141.41,48.59,86.47021107296356,86.46779074794638,61.75,-48.60117098000002,-48.60117098000002
116,MTDR,Inactive,1,2,3.692219,3.692219,1.1102230246251565e-16,205.9,332.65,23.250000000000007,55.76875117104376,84.17856198688565,49.46872306599364,-23.261083470000024,-23.261083470000024
117,MTTR,Inactive,2,8,8.702904,8.702904,-4.440892098500626e-16,250.0,168.11,81.89,28.725958383546462,78.79413456462304,19.318245613188427,-81.87442110000003,-68.22631006000003
118,NET,Inactive,2,6,2.2415619999999996,2.241562,-3.885780586188048e-16,340.0,261.83000000000004,78.16999999999999,145.93507913191536,447.9595300585364,116.80723099338765,-78.17201914000003,6.827811719999958
119,NFLX,Inactive,1,1,0.147896,0.147896,0.0,100.0,199.41,0.5900000000000034,676.15,670.9428088349748,672.1635488451345,-0.5895801799999947,-0.5895801799999947
120,NVDA,Inactive,1,8,2.0570250000000003,2.057025,5.551115123125783e-17,525.0,551.4200000000001,23.579999999999984,261.29869878578916,270.46547390019015,243.75985677860018,-23.577823540000043,-23.577823540000043
121,NVEE,Inactive,1,3,1.3923400000000001,1.39234,1.1102230246251565e-16,150.0,273.65,-23.650000000000006,107.73196482181075,64.48488555844418,124.71690707729435,23.64881450000003,23.64881450000003
122,NVO,Inactive,1,2,2.0,2.0,0.0,226.59,330.86,10.670000000000016,113.295,113.295,107.96,-10.670000000000016,-10.670000000000016
123,NVR,Inactive,1,1,0.021422,0.021422,0.0,100.0,204.75,-4.75,4668.1,4668.1,4889.83,4.749900059999991,4.749900059999991
124,OKTA,Inactive,1,2,0.261151,0.261151,0.0,55.0,67.77000000000001,12.229999999999997,210.60546503746872,210.6061244260983,163.77,-12.231128529999992,-12.231128529999992
125,OM,Inactive,1,2,1.123656,1.123656,-1.3877787807814457e-17,50.0,72.59,2.410000000000001,44.49755302334522,60.894740247137236,42.35334921007853,-2.409347479999997,-2.409347479999997
126,PAC,Inactive,2,2,1.417388,1.4173879999999999,1.1102230246251565e-16,170.0,203.82999999999998,-33.83,119.9388234484841,101.83180876568208,143.80885022308644,33.833089510000036,49.29813767000003
127,PAYC,Inactive,1,1,0.179928,0.179928,0.0,75.0,133.56,16.439999999999998,416.83,416.83,325.46,-16.440021360000003,-16.440021360000003
128,PBTS,Inactive,1,2,15.0,15.0,0.0,31.650000000000002,54.01,-2.01,2.113333333333333,1.7280000000000002,2.243333333333333,1.950000000000005,1.950000000000005
129,PCOR,Inactive,2,1,1.136381,1.136381,0.0,100.0,66.06,33.94,88.0,88.0,58.13,-33.94370047,-31.97036237000001
130,PI,Inactive,2,5,4.482993,4.4829930000000004,-4.440892098500626e-16,355.0,256.97,98.03,79.18853386788695,89.8592948107385,57.32179089728669,-98.0284556700001,-56.8192807800001
131,PINS,Inactive,1,5,7.543198,7.543198,0.0,426.12,375.68,80.44,56.49159284298251,53.03092667323766,45.82952553280452,-80.42608481000002,-80.42608481000002
132,PLTR,Inactive,1,8,14.068869,14.068869,0.0,348.04,287.96999999999997,82.91000000000003,24.74029185928165,24.73830696696373,18.849999999999998,-82.86974453999996,-82.86974453999996
133,POWW,Inactive,1,1,4.926108,4.926108,0.0,50.0,97.24000000000001,2.759999999999998,10.15,10.15,9.59,-2.7586204800000025,-2.7586204800000025
134,PUBM,Inactive,3,4,2.480267,2.480267,0.0,100.0,67.97,32.03,40.318247797515355,90.40804385893681,27.405087129732404,-32.02808627000002,9.325930509999992
135,PXD,Inactive,1,1,1.0,1.0,0.0,230.99,499.5,-37.51999999999998,230.99,230.99,268.51,37.51999999999998,37.51999999999998
136,PYPL,Inactive,2,5,2.794847,2.794847,0.0,568.6,372.33000000000004,196.27,203.44631303967623,211.89109255867493,133.22026731695868,-196.27105320999996,-59.55105320999999
137,QLD,Inactive,1,1,0.308908,0.308908,0.0,25.0,53.22,-3.219999999999999,80.93,80.93,91.35,3.218821359999996,3.218821359999996
138,QQQ,Inactive,1,1,0.105547,0.105547,0.0,40.0,80.3,-0.29999999999999716,378.98,378.98,381.82,0.29975347999999735,0.29975347999999735
139,QRVO,Inactive,1,2,0.724132,0.724132,0.0,125.0,182.03,17.97,172.6199077516254,172.62046146282722,147.8,-17.97288943999999,-17.97288943999999
140,RBLX,Inactive,1,6,4.040798,4.040798,-1.1102230246251565e-16,347.71,418.18,18.529999999999994,88.1058715043205,82.22418973249924,81.46501732578567,-18.526132419999982,-18.526132419999982
141,RCON,Inactive,1,2,18.15944,18.15944,0.0,69.8,111.87,7.929999999999993,3.844054221936359,11.259999999999993,3.409219432978109,-7.896356259999996,-7.896356259999996
142,REGN,Inactive,1,1,0.209282,0.209282,0.0,150.0,278.78,21.22,716.74,716.74,615.34,-21.221194799999996,-21.221194799999996
143,RH,Inactive,1,4,0.35204900000000006,0.352049,5.551115123125783e-17,234.0,328.84000000000003,5.159999999999997,663.5880899638009,663.4073176711518,650.0214172742998,-5.16019823999999,-5.16019823999999
144,RJF,Inactive,1,1,1.0,1.0,0.0,110.67,212.74,8.600000000000009,110.67,110.67,102.07,-8.600000000000009,-8.600000000000009
145,RKT,Inactive,1,3,4.034393,4.034393,0.0,131.01,142.63,66.16,32.474565720295466,32.47328656380278,16.07,-66.18246510999998,-66.18246510999998
146,ROKU,Inactive,1,8,0.8690439999999999,0.869044,-1.1102230246251565e-16,289.0,281.15,107.85,332.54988506911053,332.54933006844306,208.45,-107.84826052000011,-107.84826052000011
147,RTX,Inactive,1,1,1.0,1.0,0.0,104.21,201.27999999999997,7.140000000000001,104.21,104.21,97.07,-7.140000000000001,-7.140000000000001
148,S,Inactive,1,3,2.53704,2.53704,2.220446049250313e-16,125.0,122.71000000000001,27.289999999999996,49.26922688250875,90.08639952331293,38.51321256267146,-27.288438569999983,-27.288438569999983
149,SBUX,Inactive,1,2,1.233187,1.233187,0.0,138.8,252.23000000000002,0.37000000000000455,112.5538772870619,112.55389490807153,112.25,-0.37473751999999616,-0.37473751999999616
150,SE,Inactive,2,3,2.373747,2.373747,0.0,310.5,262.53,47.97000000000003,130.8057992953756,130.8058525192449,110.6,-47.96345545999997,-47.36507518999998
151,SHEL,Inactive,1,3,4.0,4.0,0.0,226.37,325.09000000000003,14.150000000000006,56.595,60.065000000000005,53.055,-14.159999999999997,-14.159999999999997
152,SHOP,Inactive,1,7,0.28573400000000004,0.285734,2.7755575615628914e-17,409.0,393.37,115.63,1510.4669615872388,1514.075834190585,1026.723694275095,-115.63042740999997,-115.63042740999997
153,SI,Inactive,1,5,0.637219,0.637219,0.0,115.0,111.06,28.939999999999998,180.47246632633363,180.47170595980347,135.06,-28.937686379999988,-28.937686379999988
154,SNOW,Inactive,1,4,0.588155,0.588155,0.0,180.0,191.14,38.860000000000014,306.0428271289031,306.04177470224687,239.97,-38.86106364000002,-38.86106364000002
155,SOFI,Inactive,2,2,3.297014,3.297014,0.0,50.0,32.48,17.520000000000003,15.168291399429908,15.165237393593113,9.850000000000001,-17.5344812,-31.392247150000003
156,SPLK,Inactive,1,6,1.3688819999999997,1.368882,-2.7755575615628914e-16,190.0,206.66,8.339999999999996,138.7985694749438,149.61423978399608,132.7080806234577,-8.337160560000019,-8.337160560000019
157,SPT,Inactive,1,4,1.011772,1.011772,0.0,104.0,174.07,-20.069999999999993,102.78874224627683,102.78995663054523,122.63,20.074829039999997,20.074829039999997
158,SQ,Inactive,1,1,1.0,1.0,0.0,71.02,190.7,-48.66000000000001,71.02,71.02,119.68,48.66000000000001,48.66000000000001
159,STMP,Inactive,1,1,1.0,1.0,0.0,219.4,546.86,-108.05999999999997,219.4,219.4,327.46,108.05999999999997,108.05999999999997
160,SYNA,Inactive,1,6,1.7773969999999997,1.7773970000000001,-3.3306690738754696e-16,420.0,427.1,92.9,236.30081640736432,282.995689461112,184.03127468427144,-92.90372665000012,-92.90372665000012
161,T,Inactive,2,1,4.166666,4.166666,0.0,100.0,80.02,19.980000000000004,24.0,24.0,19.2,-19.999996800000005,-21.545298720000005
162,TDOC,Inactive,1,2,1.165947,1.165947,0.0,91.55,161.82000000000002,-3.720000000000006,78.5197916800678,56.958365458750954,81.71366114411718,3.7238825199999903,3.7238825199999903
163,TER,Inactive,1,5,1.498463,1.498463,5.551115123125783e-17,185.59,320.23,-8.269999999999996,123.85303261408525,125.29300396682292,129.37419169509025,8.27325259999997,8.27325259999997
164,TOST,Inactive,2,4,6.692442,6.692442,-8.881784197001252e-16,310.0,223.29,86.71000000000001,46.32147520441716,114.77438486146742,33.364466034969,-86.71403236000002,-75.06840458000003
165,TQQQ,Inactive,6,1,3.0,3.0,0.0,122.1,113.93,8.169999999999987,40.7,40.7,37.98,-8.160000000000018,-24.83476395000001
166,TRMB,Inactive,2,1,1.120487,1.120487,0.0,100.0,80.52,19.480000000000004,89.25,89.25,71.86,-19.48526893,-16.74159204999998
167,TSCO,Inactive,1,6,1.330032,1.330032,1.1102230246251565e-16,285.49,383.76,1.730000000000004,214.64972625470665,214.64585252339162,213.34727344905986,-1.7323039099999873,-1.7323039099999873
168,TSM,Inactive,2,1,1.0,1.0,0.0,99.22,94.76,4.459999999999994,99.22,99.22,94.76,-4.459999999999994,-3.900124870000009
169,TWLO,Inactive,2,2,1.704209,1.7042089999999999,1.6653345369377348e-16,497.41,319.63,177.78000000000003,291.87288536206535,775.5083622024281,187.5523008973665,-177.78407893000002,-175.16384025000002
170,TXG,Inactive,1,1,0.129626,0.129626,0.0,20.0,41.16,-1.1600000000000001,154.29,154.29,163.24,1.160152700000002,1.160152700000002
171,U,Inactive,1,3,0.9256599999999999,0.9256599999999999,0.0,150.0,205.32999999999998,44.67,158.19096211013505,158.055537554786,113.78909493766609,-44.66901189000001,-44.66901189000001
172,UBS,Inactive,1,2,4.197072,4.197072,3.608224830031759e-16,75.0,99.8,0.20000000000000506,17.869595746749162,19.079321263294624,17.821738659713247,-0.20085964000000592,-0.20085964000000592
173,UNH,Inactive,1,1,0.184189,0.184189,0.0,100.0,189.09,10.909999999999997,542.92,542.92,483.69000000000005,-10.909514469999992,-10.909514469999992
174,UPST,Inactive,2,1,0.048211,0.048211,0.0,10.0,8.47,1.5299999999999994,207.42,207.42,175.69,-1.5297350299999994,-47.84706973000001
175,UPWK,Inactive,2,3,5.524658,5.5246580000000005,0.0,250.11,222.95,27.16000000000001,43.72338052656457,43.72339103538556,40.35692004102335,-27.15178180000001,-16.175649490000016
176,WISH,Inactive,2,1,2.726995,2.726995,0.0,25.0,26.4,-1.3999999999999986,9.17,9.17,9.68,1.3907674499999994,0.5407674499999908
177,WMT,Inactive,1,1,1.0,1.0,0.0,156.54,311.5,1.579999999999984,156.54,156.54,154.96,-1.579999999999984,-1.579999999999984
178,WNW,Inactive,1,1,5.807419,5.807418999999999,0.0,50.0,80.5,19.5,8.61,14.74,5.252449034588343,-19.498705269999995,-19.498705269999995
179,XELA,Inactive,2,1,14.72754,14.72754,0.0,50.0,40.84,9.16,3.4,4.764107886411664,2.7745815933957747,-9.210874599999999,-5.860874600000011
180,XOM,Inactive,1,2,2.420584,2.420584,-1.6653345369377348e-16,200.0,311.28999999999996,-11.289999999999992,82.62964831627409,61.34327506514756,87.2893908907933,11.279298319999997,11.279298319999997
181,XOS,Inactive,1,1,1.0,1.0,0.0,8.66,17.34,-0.019999999999999574,8.66,8.66,8.68,0.019999999999999574,0.019999999999999574
182,YNDX,Inactive,1,1,0.644828,0.644828,0.0,50.0,102.58,-2.5799999999999983,77.54,77.54,81.54,2.579312,2.579312
183,ZG,Inactive,1,1,1.0,1.0,0.0,136.85,197.26999999999998,76.42999999999999,136.85,136.85,60.42,-76.42999999999999,-76.42999999999999
184,ZI,Inactive,1,10,9.074684000000001,9.074684,4.440892098500626e-16,553.25,578.09,18.409999999999975,61.39279158713726,66.67076089343468,58.937572411336866,-18.42254355,-18.42254355
185,ZIP,Inactive,1,2,1.10998,1.10998,0.0,35.0,45.66,-0.6599999999999966,31.52926755437035,31.532099677471667,32.13,0.6668010000000022,0.6668010000000022
186,ZS,Inactive,1,6,1.585121,1.585121,0.0,500.0,422.67999999999995,152.32000000000002,315.43450867157776,480.43054342606064,219.3403426678468,-152.32088051000002,-152.32088051000002
187,ZTS,Inactive,1,4,0.44891699999999995,0.448917,-5.551115123125783e-17,100.03,111.0,14.030000000000001,222.82581568530486,222.8251547613479,191.57,-14.031267010000006,-14.031267010000006
