,index,symbol,current_status,batch_number,batch_dateopen,batch_dateclosed,batch_lot,qty_buys,qty_sells,qty_net,amount_buys,amount_sells,amount_net,CB_batch,CB_effective,SB_avg,p&l_batch,p&l ticker
0,AAOI_1,AAOI,Inactive,1,5/8/2017,6/30/2017,1,1.0,1.0,0.0,57.93,61.74,-3.8100000000000023,57.93,57.93,61.74,3.8100000000000023,3.8100000000000023
1,ABC_1,ABC,Inactive,1,4/11/2022,4/22/2022,1,1.0,1.0,0.0,165.24,158.79,6.450000000000017,165.24,165.24,158.79,-6.450000000000017,-6.450000000000017
2,ABCB_1,ABCB,Inactive,1,12/17/2021,3/31/2022,4,1.958812,1.958812,0.0,103.0,86.04,16.959999999999994,52.584538771459435,52.582892079484914,43.92,-16.972202519999996,-16.972202519999996
3,ABNB_1,ABNB,Inactive,1,7/7/2021,10/27/2021,1,1.0,1.0,5.551115123125783e-17,148.04,158.25,-10.210000000000008,148.04,148.55160154653115,158.25389537,10.21389537000001,10.21389537000001
4,ACLS_1,ACLS,Inactive,1,3/28/2022,4/5/2022,1,1.0,1.0,0.0,79.45,69.69,9.760000000000005,79.45,79.45,69.69,-9.760000000000005,-9.760000000000005
5,ACLS_2,ACLS,Inactive,2,5/10/2022,5/10/2022,1,3.0,3.0,0.0,170.88,161.09,9.789999999999992,56.96,56.96,53.70000000000001,-9.779999999999994,-19.54
6,ACN_1,ACN,Inactive,1,12/6/2021,4/12/2022,6,0.643451,0.643451,0.0,245.0,220.55,24.44999999999999,380.7587853620556,381.27639605818865,342.7617381276896,-24.449238040000036,-24.449238040000036
7,ADBE_1,ADBE,Inactive,1,10/14/2021,11/18/2021,3,0.341823,0.341823,0.0,209.0,229.23,-20.22999999999999,611.4270207095485,611.4275516861065,670.61,20.23010353,20.23010353
8,ADSK_1,ADSK,Inactive,1,7/21/2021,11/5/2021,5,0.49682,0.49682,0.0,150.0,161.3,-11.300000000000011,301.92022426633395,301.92021255182965,324.66,11.29757537999998,11.29757537999998
9,AFRM_1,AFRM,Inactive,1,11/22/2021,12/17/2021,5,1.29347,1.2934700000000001,-1.6653345369377348e-16,160.0,140.25,19.75,123.70024000556643,144.63302984502576,108.42509430446783,-19.75794271000001,-19.75794271000001
10,ALRM_1,ALRM,Inactive,1,6/23/2021,10/26/2021,1,0.596801,0.596801,0.0,50.0,48.83,1.1700000000000017,83.78,83.78,81.82,-1.1697299600000048,-1.1697299600000048
11,AMAT_1,AMAT,Inactive,1,5/5/2017,6/30/2017,1,1.0,1.0,0.0,41.85,41.81,0.03999999999999915,41.85,41.85,41.81,-0.03999999999999915,-0.03999999999999915
12,AMD_1,AMD,Inactive,1,6/17/2021,4/12/2022,9,3.223499,3.2234990000000003,-2.220446049250313e-16,394.0,386.15999999999997,7.840000000000003,120.50513287792906,101.69953553717276,119.7975432937935,-7.837272319999997,-7.837272319999997
13,AMPH_1,AMPH,Inactive,1,4/11/2022,4/22/2022,2,3.065308,3.065308,-8.326672684688674e-17,130.0,120.36,9.639999999999999,42.410391627855994,184.9696821216392,39.26519190893704,-9.641005859999998,-9.641005859999998
14,AMTB_1,AMTB,Inactive,1,11/24/2021,4/12/2022,4,8.241162,8.241162,0.0,260.0,236.73,23.27000000000001,31.548327228611697,31.5489490438363,28.73,-23.226291260000025,-23.226291260000025
15,APA_1,APA,Inactive,1,4/11/2022,4/25/2022,1,2.416726,2.4167259999999997,2.220446049250313e-16,100.0,96.13,3.8699999999999974,41.38,41.51999999999999,39.777524642843254,-3.8727438600000035,-3.8727438600000035
16,APPH_1,APPH,Inactive,1,5/20/2021,12/6/2021,6,22.586224,22.586224,0.0,203.9,114.29,89.61,9.027968903080037,9.027626751598673,5.06,-89.62143447000003,-89.62143447000003
17,ATVI_1,ATVI,Inactive,1,5/25/2021,12/6/2021,2,2.0,2.0,0.0,190.63,115.5,75.13,95.315,124.61586448656101,57.74805018,-75.13389964000001,-75.13389964000001
18,AXON_1,AXON,Inactive,1,8/12/2021,11/29/2021,6,1.56822,1.56822,0.0,276.0,281.85,-5.849999999999994,175.99670215275918,172.12466381901598,179.72846577648542,5.852226349999999,5.852226349999999
19,AXON_2,AXON,Inactive,2,12/13/2021,4/11/2022,4,1.0763850000000001,1.076385,2.220446049250313e-16,155.0,134.83,20.169999999999987,143.9996360874594,144.00052025994415,125.26000000000002,-20.171063189999987,-14.318836839999989
20,BARK_1,BARK,Inactive,1,6/29/2021,7/20/2021,2,2.0,2.0,0.0,20.06,16.92,3.139999999999997,10.03,10.03,8.46,-3.139999999999997,-3.139999999999997
21,BASE_1,BASE,Inactive,1,12/1/2021,12/15/2021,1,1.471343,1.471343,0.0,50.0,32.6,17.4,33.98,33.98,22.16,-17.391274259999996,-17.391274259999996
22,BILL_1,BILL,Inactive,1,12/16/2021,4/12/2022,1,0.299222,0.299222,0.0,75.0,63.29,11.71,250.65,250.65,211.52,-11.708556859999998,-11.708556859999998
23,BKNG_1,BKNG,Inactive,1,12/17/2021,2/22/2022,3,0.055143,0.055143,0.0,125.0,143.09,-18.090000000000003,2266.834736049907,2266.83350561268,2594.89,18.089951419999974,18.089951419999974
24,BLIN_1,BLIN,Inactive,1,7/1/2021,7/2/2021,1,8.375209,8.375209,0.0,50.0,62.65,-12.649999999999999,5.97,5.97,7.48,12.646565590000005,12.646565590000005
25,BLIN_2,BLIN,Inactive,2,7/26/2021,12/3/2021,2,18.319910999999998,18.319910999999998,-1.7763568394002505e-15,100.0,68.77,31.23,5.459369643771741,5.447721399922927,3.7518841996557737,-31.280981370000006,-18.63441578
26,BLK_1,BLK,Inactive,1,11/24/2021,11/30/2021,1,0.010729,0.010729,0.0,10.0,9.85,0.15000000000000036,932.05,932.05,918.07,-0.149991419999999,-0.149991419999999
27,BLK_2,BLK,Inactive,2,12/17/2021,4/12/2022,1,0.05469,0.05469,0.0,50.0,39.92,10.079999999999998,914.24,914.24,729.93,-10.079913900000003,-10.229905320000002
28,BLND_1,BLND,Inactive,1,8/5/2021,12/13/2021,4,6.57438,6.57438,0.0,109.65,53.5,56.150000000000006,16.680025576556268,16.678378797696514,8.14,-56.14537334999999,-56.14537334999999
29,BX_1,BX,Inactive,1,12/1/2021,4/12/2022,3,2.295785,2.295785,-1.1102230246251565e-16,315.0,277.5,37.5,137.20774048092483,162.59457584494984,120.87705388353004,-37.49174533,-37.49174533
30,CFLT_1,CFLT,Inactive,1,11/24/2021,2/22/2022,8,4.050764,4.050764,2.220446049250313e-16,304.0,225.88,78.12,72.61989461109297,91.87760232867959,55.763259024717314,-78.11847206999997,-78.11847206999997
31,CHKP_1,CHKP,Inactive,1,4/14/2022,4/26/2022,1,1.0,1.0,0.0,142.6,136.11,6.489999999999981,142.6,142.6,136.11,-6.489999999999981,-6.489999999999981
32,CIEN_1,CIEN,Inactive,1,5/20/2021,10/26/2021,1,2.0,2.0,0.0,103.82,105.2,-1.3800000000000097,51.91,51.91,52.6,1.3800000000000097,1.3800000000000097
33,CMG_1,CMG,Inactive,1,7/16/2021,10/27/2021,1,0.031562,0.031562,0.0,50.0,55.23,-5.229999999999997,1584.18,1584.18,1749.89,5.230139020000001,5.230139020000001
34,COIN_1,COIN,Inactive,1,11/1/2021,11/4/2021,1,0.154035,0.154035,0.0,50.0,51.97,-1.9699999999999989,324.6,324.6,337.39,1.9701076499999945,1.9701076499999945
35,COIN_2,COIN,Inactive,2,11/9/2021,11/18/2021,2,0.197564,0.197564,0.0,70.0,67.76,2.239999999999995,354.3161232815695,354.31556356421214,342.98,-2.2396098599999936,-0.2695022099999991
36,COIN_3,COIN,Inactive,3,11/24/2021,12/16/2021,3,0.12663000000000002,0.12663,2.7755575615628914e-17,40.0,33.56,6.439999999999998,315.87677098633804,315.8809128958382,265.02,-6.439992909999988,-6.709495119999987
37,CRM_1,CRM,Inactive,1,6/1/2021,10/27/2021,1,0.4247,0.42469999999999997,2.7755575615628914e-17,100.0,124.44,-24.439999999999998,235.46,183.1996739045804,293.0066450906522,24.440060169999995,24.440060169999995
38,CRM_2,CRM,Inactive,2,12/14/2021,4/12/2022,3,0.48766600000000004,0.487666,5.551115123125783e-17,125.0,96.8,28.200000000000003,256.3220151497131,256.32297515102545,198.5,-28.19783083999998,-3.757770669999985
39,CRMT_1,CRMT,Inactive,1,8/13/2021,11/30/2021,1,0.122906,0.122906,0.0,20.0,12.02,7.98,162.73,162.73,97.8,-7.98028658,-7.98028658
40,CRNC_1,CRNC,Inactive,1,3/11/2021,11/5/2021,2,2.0,2.0,0.0,203.0,207.89999999999998,-4.8999999999999915,101.5,97.41233771963365,103.94989253,4.899785059999994,4.899785059999994
41,CRNC_2,CRNC,Inactive,2,2/7/2022,3/22/2022,1,1.153749,1.153749,0.0,50.0,41.44,8.560000000000002,43.34,43.34,35.92,-8.560817580000002,-3.661032520000008
42,CRTD_1,CRTD,Inactive,1,7/12/2021,7/12/2021,1,11.0,11.0,0.0,65.23,57.2,8.030000000000001,5.93,5.93,5.2,-8.029999999999994,-8.029999999999994
43,CRWD_1,CRWD,Inactive,1,6/2/2021,12/6/2021,3,1.158137,1.158137,0.0,300.0,226.44,73.56,259.03775261475977,259.03671154621605,195.52,-73.56225946000002,-73.56225946000002
44,CUEN_1,CUEN,Inactive,1,6/30/2021,7/1/2021,1,12.106537,12.106537,0.0,100.0,81.12,18.879999999999995,8.26,8.26,6.7,-18.886197719999995,-18.886197719999995
45,DAL_1,DAL,Inactive,1,10/14/2021,12/28/2021,1,2.426889,2.426889,0.0,100.0,93.65,6.349999999999994,41.21,41.21,38.59,-6.358449179999994,-6.358449179999994
46,DDOG_1,DDOG,Inactive,1,1/13/2022,4/19/2022,1,0.215796,0.215796,0.0,30.0,29.69,0.3099999999999987,139.02,139.02,137.58,-0.3107462399999995,-0.3107462399999995
47,DIS_1,DIS,Inactive,1,7/22/2021,12/3/2021,2,0.390032,0.390032,0.0,70.0,57.04,12.96,179.46994282520407,179.47245354227346,146.24,-12.960741059999991,-12.960741059999991
48,DKS_1,DKS,Inactive,1,10/26/2021,11/10/2021,1,1.0,1.0,0.0,124.07,128.02,-3.950000000000017,124.07,124.07,128.02,3.950000000000017,3.950000000000017
49,DLO_1,DLO,Inactive,1,12/16/2021,1/6/2022,1,0.719919,0.719919,0.0,25.0,20.78,4.219999999999999,34.73,34.73,28.859999999999996,-4.225924529999998,-4.225924529999998
50,DMTK_1,DMTK,Inactive,1,9/15/2021,11/30/2021,2,0.605275,0.605275,0.0,21.0,11.66,9.34,34.694880376688275,34.69497335921688,19.26,-9.342347219999995,-9.342347219999995
51,DOCS_1,DOCS,Inactive,1,11/12/2021,12/17/2021,3,1.663979,1.6639789999999999,1.1102230246251565e-16,110.0,85.28999999999999,24.71,66.10863828209371,76.81241639791465,51.256015983374795,-24.714451600000004,-24.714451600000004
52,DOCU_1,DOCU,Inactive,1,7/21/2021,12/6/2021,5,0.601784,0.601784,0.0,164.0,85.36,78.64,272.52588825891013,272.523031519615,141.84,-78.64467657999997,-78.64467657999997
53,DRRX_1,DRRX,Inactive,1,5/8/2017,5/11/2017,1,15.0,15.0,0.0,14.92,15.45,-0.5299999999999994,0.99,0.99,1.03,0.6000000000000005,0.6000000000000005
54,DVN_1,DVN,Inactive,1,3/21/2022,5/11/2022,1,1.632399,1.632399,-1.1102230246251565e-16,100.0,99.27000000000001,0.7299999999999969,61.26,68.58012109443564,60.8139704631037,-0.7280981699999898,-0.7280981699999898
55,EGP_1,EGP,Inactive,1,2/8/2022,3/22/2022,2,0.16269899999999998,0.162699,-2.7755575615628914e-17,32.0,31.69,0.3099999999999987,196.68373241384396,196.68221685443675,194.78,-0.3097353599999976,-0.3097353599999976
56,ENB_1,ENB,Inactive,1,11/16/2021,12/17/2021,1,1.237404,1.237404,0.0,50.0,45.7,4.299999999999997,40.41,40.41,36.93,-4.306165919999996,-4.306165919999996
57,EOG_1,EOG,Inactive,1,11/11/2021,12/16/2021,2,0.802743,0.802743,0.0,75.0,68.89,6.109999999999999,93.42855433183473,93.42965307701219,85.81999999999998,-6.107713730000014,-6.107713730000014
58,EOG_2,EOG,Inactive,2,4/28/2022,5/18/2022,1,2.0,2.0,0.0,227.64,247.78,-20.140000000000015,113.82,113.82,123.89,20.140000000000015,14.03228627
59,EPAM_1,EPAM,Inactive,1,7/16/2021,10/21/2021,3,0.165432,0.165432,0.0,95.0,105.63,-10.629999999999995,574.2524355626481,574.2540741815368,638.51,10.6302574,10.6302574
60,EPAM_2,EPAM,Inactive,2,12/27/2021,3/22/2022,3,0.147045,0.147045,0.0,101.0,42.75,58.25,686.8690205039273,686.8645652691353,290.73,-58.25026227,-47.62000487
61,ESTC_1,ESTC,Inactive,1,9/8/2021,3/21/2022,3,2.1793810000000002,2.1793810000000002,2.220446049250313e-16,275.0,177.26,97.74000000000001,126.18232966149559,630.3900636076277,81.3353255442715,-97.73870867999993,-97.73870867999993
62,ETSY_1,ETSY,Inactive,1,5/25/2021,4/11/2022,6,1.0843729999999998,1.084373,-2.220446049250313e-16,234.0,131.61,102.39,215.79349376091074,235.01512836077544,121.36512654778383,-102.39557184000006,-102.39557184000006
63,EW_1,EW,Inactive,1,4/11/2022,4/26/2022,1,1.0,1.0,0.0,120.91,117.5,3.4099999999999966,120.91,120.91,117.5,-3.4099999999999966,-3.4099999999999966
64,F_1,F,Inactive,1,6/17/2021,11/1/2021,3,5.361344,5.361344,-1.1102230246251565e-16,80.4,83.69000000000001,-3.29,14.999373052727078,8.302337938363445,15.610078189349538,3.2742003199999985,3.2742003199999985
65,F_2,F,Inactive,2,12/6/2021,4/1/2022,4,4.897489,4.897489,0.0,100.0,80.62,19.379999999999995,20.419830298751055,20.41862676975895,16.46,-19.393225330000003,-16.119025010000005
66,FANG_1,FANG,Inactive,1,3/21/2022,4/26/2022,2,1.0,1.0,0.0,134.66,125.55,9.11,134.6629737,134.66,125.55,-9.112973700000012,-9.112973700000012
67,FB_1,FB,Inactive,1,10/29/2021,11/18/2021,2,0.921877,0.921877,0.0,300.0,312.98,-12.980000000000018,325.4243204570675,325.4230228110692,339.5,12.976045229999988,12.976045229999988
68,FB_2,FB,Inactive,2,11/24/2021,3/31/2022,1,0.146606,0.146606,0.0,50.0,32.69,17.310000000000002,341.05,341.05,222.98,-17.309770420000003,-4.333725190000015
69,FMC_1,FMC,Inactive,1,4/12/2022,4/22/2022,1,1.0,1.0,0.0,138.08,135.67,2.410000000000025,138.08,138.08,135.67,-2.410000000000025,-2.410000000000025
70,FVRR_1,FVRR,Inactive,1,8/13/2021,10/27/2021,3,1.568735,1.5687350000000002,0.0,265.77,289.43,-23.660000000000025,169.4170796852241,129.4971927446741,184.49839619183606,23.658589049999954,23.658589049999954
71,GDYN_1,GDYN,Inactive,1,12/16/2021,3/31/2022,1,0.645187,0.645187,0.0,25.0,9.04,15.96,38.75,38.75,14.01,-15.96192638,-15.96192638
72,GLBS_1,GLBS,Inactive,1,6/29/2021,6/29/2021,1,5.0,5.0,0.0,19.25,19.2,0.05000000000000071,3.85,3.85,3.84,-0.050000000000001155,-0.050000000000001155
73,HAL_1,HAL,Inactive,1,4/11/2022,5/10/2022,2,3.058624,3.058624,6.938893903907228e-18,120.0,118.18,1.8200000000000016,39.23831597803457,65.67276200873364,38.63833839007345,-1.8351058500000121,-1.8351058500000121
74,HES_1,HES,Inactive,1,4/11/2022,4/28/2022,2,1.000434,1.000434,4.548228113576691e-17,112.0,113.97,-1.9700000000000017,111.95498273749193,-4423.9631336400935,113.92055961712617,1.9664299399999985,1.9664299399999985
75,HZNP_1,HZNP,Inactive,1,4/11/2022,4/26/2022,1,1.0,1.0,0.0,113.34,105.58,7.760000000000005,113.34,113.34,105.58,-7.760000000000005,-7.760000000000005
76,IDXX_1,IDXX,Inactive,1,10/19/2021,11/5/2021,2,0.115456,0.115456,0.0,75.0,73.72,1.2800000000000011,649.5976944463692,649.5981152993348,638.51,-1.2801408500000089,-1.2801408500000089
77,IKT_1,IKT,Inactive,1,6/30/2021,7/1/2021,1,50.0,50.0,0.0,138.25,140.15,-1.9000000000000057,2.77,2.77,2.8,1.4999999999999902,1.4999999999999902
78,INTC_1,INTC,Inactive,1,3/23/2022,4/28/2022,2,3.0519890000000003,3.051989,2.8449465006019636e-16,150.0,147.31,2.6900000000000044,49.6826246567217,98.4823712708453,48.266873130932,-2.6956087700000038,-2.6956087700000038
79,INTU_1,INTU,Inactive,1,11/1/2021,11/4/2021,1,0.06364,0.06364,0.0,40.0,40.02,-0.020000000000003126,628.54,628.54,628.85,0.019728400000003764,0.019728400000003764
80,IPI_1,IPI,Inactive,1,4/11/2022,4/13/2022,1,1.0,1.0,0.0,100.92,104.76,-3.8400000000000034,100.92,100.92,104.76,3.8400000000000034,3.8400000000000034
81,IQ_1,IQ,Inactive,1,7/26/2018,7/28/2021,1,2.0,2.0,0.0,65.8,22.3,43.5,32.9,32.9,11.15,-43.5,-43.5
82,KEY_1,KEY,Inactive,1,11/12/2021,11/18/2021,2,5.184448,5.184448,0.0,125.0,122.91,2.0900000000000034,24.111754589881123,24.11057069142173,23.71,-2.0828757800000037,-2.0828757800000037
83,KEY_2,KEY,Inactive,2,11/30/2021,2/22/2022,3,4.369059,4.369059,0.0,100.0,112.1,-12.099999999999994,22.89057874018181,22.888223757106505,25.66,12.099764880000007,10.016889100000004
84,LC_1,LC,Inactive,1,11/12/2021,11/18/2021,1,0.228371,0.228371,0.0,10.0,9.74,0.2599999999999998,43.79,43.79,42.65,-0.26034294000000013,-0.26034294000000013
85,LC_2,LC,Inactive,2,11/24/2021,12/14/2021,4,1.004722,1.004722,0.0,35.0,26.2,8.8,34.83753687089564,34.835506737187,26.08,-8.79888996000001,-9.059232900000008
86,LCID_1,LCID,Inactive,1,5/26/2021,9/21/2021,3,4.0,4.0,0.0,83.39,98.31,-14.919999999999995,20.849999999999998,11.900000000000006,24.5775,14.91000000000001,14.91000000000001
87,LCID_2,LCID,Inactive,2,11/24/2021,3/18/2022,2,1.2697120000000002,1.269712,2.220446049250313e-16,60.0,32.57,27.43,47.254060999659764,47.254810539712935,25.649999999999995,-27.4309355,-12.52093549999999
88,LITE_1,LITE,Inactive,1,5/4/2021,10/28/2021,2,3.0,3.0,0.0,246.88,245.55,1.329999999999984,82.29333333333334,82.955,81.85000000000001,-1.3299999999999983,-1.3299999999999983
89,LITE_2,LITE,Inactive,2,12/14/2021,4/28/2022,1,0.505254,0.505254,0.0,50.0,41.96,8.04,98.96,98.96,83.05,-8.038591139999998,-9.368591139999996
90,LMND_1,LMND,Inactive,1,11/9/2021,12/6/2021,4,4.501239,4.501239,0.0,275.0,200.58,74.41999999999999,61.09507891938197,61.09428981664826,44.56,-74.42834209999997,-74.42834209999997
91,LOW_1,LOW,Inactive,1,5/25/2021,10/27/2021,2,1.004185,1.0041849999999999,1.6653345369377348e-16,192.10000000000002,231.19,-39.089999999999975,191.29941654177267,151.6470850527715,230.22690540089727,39.09040040000002,39.09040040000002
92,LPLA_1,LPLA,Inactive,1,4/11/2022,4/19/2022,1,1.0,1.0,0.0,197.69,218.5,-20.810000000000002,197.69,197.69,218.5,20.810000000000002,20.810000000000002
93,LRCX_1,LRCX,Inactive,1,11/4/2021,11/18/2021,4,0.483696,0.483696,2.7755575615628914e-17,290.01,306.07,-16.060000000000002,599.5697583399491,540.6525552004996,632.771988935199,16.05978612999999,16.05978612999999
94,LULU_1,LULU,Inactive,1,6/17/2021,2/25/2022,8,0.5771470000000001,0.577147,1.1102230246251565e-16,230.0,179.01,50.99000000000001,398.5129521248486,398.51199087927336,310.16,-50.99264125999998,-50.99264125999998
95,LUV_1,LUV,Inactive,1,10/14/2021,12/15/2021,3,3.5121020000000005,3.5121019999999996,8.881784197001252e-16,175.0,145.3,29.700000000000003,49.83049570883761,52.46497228590302,41.37331467024592,-29.702482439999983,-29.702482439999983
96,MASI_1,MASI,Inactive,1,7/23/2021,11/22/2021,1,0.364431,0.36443099999999995,2.7755575615628914e-17,100.0,104.16,-4.16,274.4,0.0,285.81781130035597,4.161004390000012,4.161004390000012
97,MDIA_1,MDIA,Inactive,1,7/12/2021,7/12/2021,2,3.9302580000000003,3.930258,4.440892098500626e-16,50.0,53.84,-3.8400000000000034,12.723318123135934,12.721811138098312,13.7,3.8386117600000063,3.8386117600000063
98,MDIA_2,MDIA,Inactive,2,7/12/2021,7/12/2021,1,5.0,5.0,0.0,71.63,71.65,-0.020000000000010232,14.33,14.33,14.330000000000002,0.0,3.8386117600000063
99,MELI_1,MELI,Inactive,1,3/24/2021,12/6/2021,3,0.705099,0.705099,0.0,1000.0,808.9,191.10000000000002,1418.2429695829946,1402.7737512975657,1147.216421183408,-191.1005482499999,-191.1005482499999
100,MELI_2,MELI,Inactive,2,12/14/2021,4/1/2022,3,0.12756299999999998,0.127563,-2.7755575615628914e-17,150.0,157.01,-7.009999999999991,1175.889281453086,1175.8895604524826,1230.84,7.009678509999992,-184.0908697399999
101,MITK_1,MITK,Inactive,1,7/26/2018,4/11/2022,4,10.585453000000001,10.585453,8.881784197001252e-16,155.97,162.57,-6.600000000000001,14.735584866325512,11.600320500360668,15.355610656435772,6.56325386000001,6.56325386000001
102,MKL_1,MKL,Inactive,1,12/17/2021,3/22/2022,3,0.060689999999999994,0.06069,-6.938893903907228e-18,75.0,88.72,-13.719999999999999,1235.7893234470262,1235.7884330202671,1461.86,13.720229359999976,13.720229359999976
103,MMAT_1,MMAT,Inactive,1,6/30/2021,7/1/2021,2,15.0,15.0,0.0,116.5,109.69,6.810000000000002,7.766666666666667,7.766666666666667,7.31,-6.850000000000005,-6.850000000000005
104,MNDY_1,MNDY,Inactive,1,10/26/2021,11/5/2021,3,0.3983920000000001,0.398392,5.551115123125783e-17,150.0,143.22,6.780000000000001,376.512742073134,376.5135846101327,359.5,-6.777740340000004,-6.777740340000004
105,MO_1,MO,Inactive,1,5/10/2021,9/9/2021,2,3.054646,3.054646,1.1102230246251565e-16,154.62,154.59,0.030000000000001137,50.61792353680263,50.64045582533635,50.61000000000001,-0.024203600000003204,-0.024203600000003204
106,MOS_1,MOS,Inactive,1,4/28/2022,4/29/2022,1,2.0,2.0,0.0,130.05,130.12,-0.06999999999999318,65.03,65.03,65.06,0.060000000000002274,0.060000000000002274
107,MQ_1,MQ,Inactive,1,12/20/2021,3/21/2022,2,4.285238,4.285238,-3.3306690738754696e-16,70.0,42.69,27.310000000000002,16.33654879845647,107.27883381597135,9.961825723565413,-27.317205560000005,-27.317205560000005
108,MRIN_1,MRIN,Inactive,1,6/29/2021,6/29/2021,2,2.0,2.0,0.0,24.67,31.1,-6.429999999999998,12.335,8.910000000000002,15.55,6.429999999999998,6.429999999999998
109,MRIN_2,MRIN,Inactive,2,7/1/2021,7/2/2021,1,3.831015,3.831015,-1.1102230246251565e-16,69.3,81.11,-11.809999999999999,18.09,6.786881103229185,21.17227810384454,11.808253649999997,18.238253649999994
110,MRVL_1,MRVL,Inactive,1,12/6/2021,4/12/2022,4,1.96605,1.96605,0.0,170.0,121.41,48.59,86.47021107296356,86.46779074794638,61.75,-48.60117098000002,-48.60117098000002
111,MTDR_1,MTDR,Inactive,1,3/25/2022,4/28/2022,2,3.692219,3.692219,1.1102230246251565e-16,205.9,182.65,23.250000000000007,55.76875117104376,84.17856198688565,49.46872306599364,-23.261083470000024,-23.261083470000024
112,MTTR_1,MTTR,Inactive,1,10/13/2021,11/1/2021,2,5.635482,5.635482,4.440892098500626e-16,114.6,128.23000000000002,-13.63000000000001,20.580517459953683,20.58996456508485,22.75725567041116,13.648111040000005,13.648111040000005
113,MTTR_2,MTTR,Inactive,2,11/24/2021,1/13/2022,8,8.702904,8.702904,-4.440892098500626e-16,250.0,168.11,81.89,28.725958383546462,78.79413456462304,19.318245613188427,-81.87442110000003,-68.22631006000003
114,NET_1,NET,Inactive,1,5/4/2021,10/27/2021,2,1.41806,1.4180599999999999,2.1510571102112408e-16,129.5,214.5,-85.0,91.32192996065046,-3299.750174059028,151.26285690309297,84.99983085999999,84.99983085999999
115,NET_2,NET,Inactive,2,11/22/2021,4/1/2022,6,2.2415619999999996,2.241562,-3.885780586188048e-16,340.0,261.83000000000004,78.16999999999999,145.93507913191536,447.9595300585364,116.80723099338765,-78.17201914000003,6.827811719999958
116,NFLX_1,NFLX,Inactive,1,10/28/2021,11/5/2021,1,0.147896,0.147896,0.0,100.0,99.41,0.5900000000000034,676.15,670.9428088349748,672.1635488451345,-0.5895801799999947,-0.5895801799999947
117,NVDA_1,NVDA,Inactive,1,10/21/2021,4/12/2022,8,2.0570250000000003,2.057025,5.551115123125783e-17,525.0,501.42,23.579999999999984,261.29869878578916,270.46547390019015,243.75985677860018,-23.577823540000043,-23.577823540000043
118,NVEE_1,NVEE,Inactive,1,10/28/2021,3/9/2022,3,1.3923400000000001,1.39234,1.1102230246251565e-16,150.0,173.65,-23.650000000000006,107.73196482181075,64.48488555844418,124.71690707729435,23.64881450000003,23.64881450000003
119,NVO_1,NVO,Inactive,1,4/19/2022,4/28/2022,2,2.0,2.0,0.0,226.59,215.92,10.670000000000016,113.295,113.295,107.96,-10.670000000000016,-10.670000000000016
120,NVR_1,NVR,Inactive,1,5/21/2021,10/26/2021,1,0.021422,0.021422,0.0,100.0,104.75,-4.75,4668.1,4668.1,4889.83,4.749900059999991,4.749900059999991
121,OKTA_1,OKTA,Inactive,1,1/6/2022,3/22/2022,2,0.261151,0.261151,0.0,55.0,42.77,12.229999999999997,210.60546503746872,210.6061244260983,163.77,-12.231128529999992,-12.231128529999992
122,OM_1,OM,Inactive,1,12/17/2021,3/22/2022,2,1.123656,1.123656,-1.3877787807814457e-17,50.0,47.589999999999996,2.410000000000001,44.49755302334522,60.894740247137236,42.35334921007853,-2.409347479999997,-2.409347479999997
123,OXY_1,OXY,Inactive,1,4/11/2022,4/12/2022,1,1.0,1.0,0.0,58.18,59.5,-1.3200000000000003,58.18,58.18,59.5,1.3200000000000003,1.3200000000000003
124,PAC_1,PAC,Inactive,1,5/25/2021,10/27/2021,3,1.048605,1.048605,0.0,116.89,132.36,-15.470000000000013,111.47178865254314,111.47190791575474,126.22000000000001,15.46504816,15.46504816
125,PAC_2,PAC,Inactive,2,12/6/2021,3/25/2022,2,1.417388,1.4173879999999999,1.1102230246251565e-16,170.0,203.82999999999998,-33.83,119.9388234484841,101.83180876568208,143.80885022308644,33.833089510000036,49.29813767000003
126,PAYC_1,PAYC,Inactive,1,12/16/2021,4/12/2022,1,0.179928,0.179928,0.0,75.0,58.56,16.439999999999998,416.83,416.83,325.46,-16.440021360000003,-16.440021360000003
127,PBTS_1,PBTS,Inactive,1,6/29/2021,7/1/2021,2,15.0,15.0,0.0,31.650000000000002,33.660000000000004,-2.01,2.113333333333333,1.7280000000000002,2.243333333333333,1.950000000000005,1.950000000000005
128,PCOR_1,PCOR,Inactive,1,7/7/2021,10/27/2021,1,1.0,1.0,0.0,91.15,93.12,-1.9699999999999918,91.15,87.70051567546349,93.1233381,1.9733380999999925,1.9733380999999925
129,PCOR_2,PCOR,Inactive,2,11/22/2021,3/31/2022,1,1.136381,1.136381,0.0,100.0,66.06,33.94,88.0,88.0,58.13,-33.94370047,-31.97036237000001
130,PI_1,PI,Inactive,1,7/27/2021,11/11/2021,3,1.806091,1.806091,0.0,95.0,136.21,-41.21000000000001,52.60322338686146,52.5997859465553,75.42,41.20917489,41.20917489
131,PI_2,PI,Inactive,2,11/24/2021,4/11/2022,5,4.482993,4.4829930000000004,-4.440892098500626e-16,355.0,256.97,98.03,79.18853386788695,89.8592948107385,57.32179089728669,-98.0284556700001,-56.8192807800001
132,PINS_1,PINS,Inactive,1,8/5/2021,12/15/2021,5,7.543198,7.543198,0.0,426.12,345.68,80.44,56.49159284298251,53.03092667323766,45.82952553280452,-80.42608481000002,-80.42608481000002
133,PLTR_1,PLTR,Inactive,1,8/9/2021,12/6/2021,8,14.068869,14.068869,0.0,348.04,265.13,82.91000000000003,24.74029185928165,24.73830696696373,18.849999999999998,-82.86974453999996,-82.86974453999996
134,POWW_1,POWW,Inactive,1,6/30/2021,7/1/2021,1,4.926108,4.926108,0.0,50.0,47.24,2.759999999999998,10.15,10.15,9.59,-2.7586204800000025,-2.7586204800000025
135,PUBM_1,PUBM,Inactive,1,7/8/2021,7/9/2021,1,1.0,1.0,0.0,34.25,34.99,-0.740000000000002,34.25,34.25,34.99,0.740000000000002,0.740000000000002
136,PUBM_2,PUBM,Inactive,2,11/4/2021,11/11/2021,1,3.733432,3.733432,0.0,100.0,140.64,-40.64,26.79,0.0,37.66846699230092,40.61401678000001,41.35401678000001
137,PUBM_3,PUBM,Inactive,3,11/24/2021,3/21/2022,4,2.480267,2.480267,0.0,100.0,67.97,32.03,40.318247797515355,90.40804385893681,27.405087129732404,-32.02808627000002,9.325930509999992
138,PXD_1,PXD,Inactive,1,4/25/2022,5/18/2022,1,1.0,1.0,0.0,230.99,268.51,-37.51999999999998,230.99,230.99,268.51,37.51999999999998,37.51999999999998
139,PYPL_1,PYPL,Inactive,1,7/26/2018,11/5/2021,1,1.0,1.0,0.0,88.51,225.23,-136.71999999999997,88.51,88.51,225.23,136.71999999999997,136.71999999999997
140,PYPL_2,PYPL,Inactive,2,11/9/2021,2/24/2022,5,2.794847,2.794847,0.0,568.6,372.33000000000004,196.27,203.44631303967623,211.89109255867493,133.22026731695868,-196.27105320999996,-59.55105320999999
141,QLD_1,QLD,Inactive,1,12/20/2021,12/28/2021,1,0.308908,0.308908,0.0,25.0,28.22,-3.219999999999999,80.93,80.93,91.35,3.218821359999996,3.218821359999996
142,QQQ_1,QQQ,Inactive,1,12/20/2021,1/13/2022,1,0.105547,0.105547,0.0,40.0,40.3,-0.29999999999999716,378.98,378.98,381.82,0.29975347999999735,0.29975347999999735
143,QRVO_1,QRVO,Inactive,1,6/29/2021,12/17/2021,2,0.724132,0.724132,0.0,125.0,107.03,17.97,172.6199077516254,172.62046146282722,147.8,-17.97288943999999,-17.97288943999999
144,RBLX_1,RBLX,Inactive,1,5/25/2021,3/21/2022,6,4.040798,4.040798,-1.1102230246251565e-16,347.71,329.18,18.529999999999994,88.1058715043205,82.22418973249924,81.46501732578567,-18.526132419999982,-18.526132419999982
145,RCON_1,RCON,Inactive,1,7/13/2021,8/3/2021,2,18.15944,18.15944,0.0,69.8,61.87,7.929999999999993,3.844054221936359,11.259999999999993,3.409219432978109,-7.896356259999996,-7.896356259999996
146,REGN_1,REGN,Inactive,1,4/12/2022,5/10/2022,1,0.209282,0.209282,0.0,150.0,128.78,21.22,716.74,716.74,615.34,-21.221194799999996,-21.221194799999996
147,RH_1,RH,Inactive,1,7/16/2021,11/19/2021,4,0.35204900000000006,0.352049,5.551115123125783e-17,234.0,228.84,5.159999999999997,663.5880899638009,663.4073176711518,650.0214172742998,-5.16019823999999,-5.16019823999999
148,RJF_1,RJF,Inactive,1,4/18/2022,4/26/2022,1,1.0,1.0,0.0,110.67,102.07,8.600000000000009,110.67,110.67,102.07,-8.600000000000009,-8.600000000000009
149,RKT_1,RKT,Inactive,1,3/3/2021,12/6/2021,3,4.034393,4.034393,0.0,131.01,64.85,66.16,32.474565720295466,32.47328656380278,16.07,-66.18246510999998,-66.18246510999998
150,ROKU_1,ROKU,Inactive,1,8/26/2021,12/6/2021,8,0.8690439999999999,0.869044,-1.1102230246251565e-16,289.0,181.15,107.85,332.54988506911053,332.54933006844306,208.45,-107.84826052000011,-107.84826052000011
151,RTX_1,RTX,Inactive,1,4/18/2022,4/26/2022,1,1.0,1.0,0.0,104.21,97.07,7.140000000000001,104.21,104.21,97.07,-7.140000000000001,-7.140000000000001
152,S_1,S,Inactive,1,12/10/2021,3/21/2022,3,2.53704,2.53704,2.220446049250313e-16,125.0,97.71000000000001,27.289999999999996,49.26922688250875,90.08639952331293,38.51321256267146,-27.288438569999983,-27.288438569999983
153,SBUX_1,SBUX,Inactive,1,10/21/2021,11/18/2021,2,1.233187,1.233187,0.0,138.8,138.43,0.37000000000000455,112.5538772870619,112.55389490807153,112.25,-0.37473751999999616,-0.37473751999999616
154,SE_1,SE,Inactive,1,5/21/2021,12/6/2021,8,2.3032610000000004,2.303261,0.0,681.06,681.6600000000001,-0.6000000000000227,331.9523155158886,246.35126808828008,295.9533667309089,0.5983802699999927,0.5983802699999927
155,SE_2,SE,Inactive,2,4/4/2022,4/11/2022,3,2.373747,2.373747,0.0,310.5,262.53,47.97000000000003,130.8057992953756,130.8058525192449,110.6,-47.96345545999997,-47.36507518999998
156,SHEL_1,SHEL,Inactive,1,4/12/2022,4/26/2022,3,4.0,4.0,0.0,226.37,212.22,14.150000000000006,56.595,60.065000000000005,53.055,-14.159999999999997,-14.159999999999997
157,SHOP_1,SHOP,Inactive,1,5/21/2021,2/25/2022,7,0.28573400000000004,0.285734,2.7755575615628914e-17,409.0,293.37,115.63,1510.4669615872388,1514.075834190585,1026.723694275095,-115.63042740999997,-115.63042740999997
158,SI_1,SI,Inactive,1,11/26/2021,12/14/2021,5,0.637219,0.637219,0.0,115.0,86.06,28.939999999999998,180.47246632633363,180.47170595980347,135.06,-28.937686379999988,-28.937686379999988
159,SNOW_1,SNOW,Inactive,1,5/25/2021,4/1/2022,4,0.588155,0.588155,0.0,180.0,141.14,38.860000000000014,306.0428271289031,306.04177470224687,239.97,-38.86106364000002,-38.86106364000002
160,SOFI_1,SOFI,Inactive,1,11/24/2021,12/14/2021,4,3.924157,3.924157,0.0,70.0,56.15,13.850000000000001,17.84139947000082,17.838226146405457,14.31,-13.857765950000005,-13.857765950000005
161,SOFI_2,SOFI,Inactive,2,12/16/2021,3/18/2022,2,3.297014,3.297014,0.0,50.0,32.48,17.520000000000003,15.168291399429908,15.165237393593113,9.850000000000001,-17.5344812,-31.392247150000003
162,SPLK_1,SPLK,Inactive,1,6/23/2021,4/28/2022,6,1.3688819999999997,1.368882,-2.7755575615628914e-16,190.0,181.66,8.339999999999996,138.7985694749438,149.61423978399608,132.7080806234577,-8.337160560000019,-8.337160560000019
163,SPT_1,SPT,Inactive,1,7/16/2021,10/26/2021,4,1.011772,1.011772,0.0,104.0,124.07,-20.069999999999993,102.78874224627683,102.78995663054523,122.63,20.074829039999997,20.074829039999997
164,SQ_1,SQ,Inactive,1,7/26/2018,4/11/2022,1,1.0,1.0,0.0,71.02,119.68,-48.66000000000001,71.02,71.02,119.68,48.66000000000001,48.66000000000001
165,STMP_1,STMP,Inactive,1,2/18/2021,8/26/2021,1,1.0,1.0,0.0,219.4,327.46,-108.05999999999997,219.4,219.4,327.46,108.05999999999997,108.05999999999997
166,SYNA_1,SYNA,Inactive,1,10/28/2021,4/11/2022,6,1.7773969999999997,1.7773970000000001,-3.3306690738754696e-16,420.0,327.1,92.9,236.30081640736432,282.995689461112,184.03127468427144,-92.90372665000012,-92.90372665000012
167,T_1,T,Inactive,1,1/13/2022,2/2/2022,1,0.555864,0.555864,0.0,15.0,13.46,1.5399999999999991,26.99,26.99,24.21,-1.5453019199999987,-1.5453019199999987
168,T_2,T,Inactive,2,3/28/2022,4/13/2022,1,4.166666,4.166666,0.0,100.0,80.02,19.980000000000004,24.0,24.0,19.2,-19.999996800000005,-21.545298720000005
169,TDOC_1,TDOC,Inactive,1,7/26/2018,4/11/2022,2,1.165947,1.165947,0.0,91.55,95.27000000000001,-3.720000000000006,78.5197916800678,56.958365458750954,81.71366114411718,3.7238825199999903,3.7238825199999903
170,TER_1,TER,Inactive,1,4/1/2021,11/4/2021,5,1.498463,1.498463,5.551115123125783e-17,185.59,193.86,-8.269999999999996,123.85303261408525,125.29300396682292,129.37419169509025,8.27325259999997,8.27325259999997
171,TOST_1,TOST,Inactive,1,10/18/2021,11/4/2021,2,1.600774,1.600774,0.0,84.0,95.65,-11.650000000000006,52.47500191782226,52.47461540479793,59.75,11.645627779999986,11.645627779999986
172,TOST_2,TOST,Inactive,2,11/10/2021,2/8/2022,4,6.692442,6.692442,-8.881784197001252e-16,310.0,223.29,86.71000000000001,46.32147520441716,114.77438486146742,33.364466034969,-86.71403236000002,-75.06840458000003
173,TQQQ_1,TQQQ,Inactive,1,12/14/2021,12/20/2021,2,0.461229,0.461229,0.0,75.0,66.11,8.89,162.6098797343619,162.60902935418198,143.33,-8.892439649999998,-8.892439649999998
174,TQQQ_2,TQQQ,Inactive,2,12/28/2021,1/6/2022,1,0.174428,0.174428,0.0,30.0,26.11,3.8900000000000006,171.99,171.99,149.69,-3.889744400000002,-12.78218405
175,TQQQ_3,TQQQ,Inactive,3,1/13/2022,1/18/2022,1,0.548095,0.548095,0.0,40.0,37.58,2.4200000000000017,72.98,72.98,68.56,-2.422579900000001,-15.20476395
176,TQQQ_4,TQQQ,Inactive,4,4/29/2022,4/29/2022,1,2.0,2.0,0.0,73.14,73.2,-0.060000000000002274,36.57,36.57,36.6,0.060000000000002274,-15.144763949999998
177,TQQQ_5,TQQQ,Inactive,5,5/4/2022,5/4/2022,1,3.0,3.0,0.0,115.07,113.55,1.519999999999996,38.36,38.36,37.85,-1.529999999999994,-16.674763949999992
178,TQQQ_6,TQQQ,Inactive,6,5/4/2022,5/5/2022,1,3.0,3.0,0.0,122.1,113.93,8.169999999999987,40.7,40.7,37.98,-8.160000000000018,-24.83476395000001
179,TRMB_1,TRMB,Inactive,1,7/7/2021,10/27/2021,4,2.264451,2.264451,0.0,191.61,194.36,-2.75,84.61836994927246,84.61653619354095,85.83,2.743676880000019,2.743676880000019
180,TRMB_2,TRMB,Inactive,2,11/16/2021,4/12/2022,1,1.120487,1.120487,0.0,100.0,80.52,19.480000000000004,89.25,89.25,71.86,-19.48526893,-16.74159204999998
181,TSCO_1,TSCO,Inactive,1,10/26/2021,4/28/2022,6,1.330032,1.330032,1.1102230246251565e-16,285.49,283.76,1.730000000000004,214.64972625470665,214.64585252339162,213.34727344905986,-1.7323039099999873,-1.7323039099999873
182,TSLA_1,TSLA,Inactive,1,10/27/2021,11/1/2021,2,0.094873,0.094873,0.0,100.0,107.87,-7.8700000000000045,1054.0420121636291,1054.0406648888513,1136.99,7.869524450000015,7.869524450000015
183,TSLA_2,TSLA,Inactive,2,11/16/2021,11/22/2021,1,0.095711,0.095711,0.0,100.0,110.79,-10.790000000000006,1044.81,1044.81,1157.55,10.790458140000002,18.659982590000016
184,TSLA_3,TSLA,Inactive,3,12/17/2021,12/28/2021,1,0.053141,0.053141,0.0,50.0,58.92,-8.920000000000002,940.89,940.89,1108.75,8.920248260000001,27.580230850000017
185,TSLA_4,TSLA,Inactive,4,3/4/2022,3/24/2022,1,0.118596,0.118596,0.0,100.0,119.93,-19.930000000000007,843.2,843.2,1011.25,19.930057799999993,47.51028865000001
186,TSM_1,TSM,Inactive,1,6/8/2021,11/5/2021,6,1.082428,1.082428,1.1102230246251565e-16,126.58,127.14,-0.5600000000000023,116.942784221236,117.14952306374026,117.46181334924819,0.5598751299999848,0.5598751299999848
187,TSM_2,TSM,Inactive,2,4/14/2022,4/26/2022,1,1.0,1.0,0.0,99.22,94.76,4.459999999999994,99.22,99.22,94.76,-4.459999999999994,-3.900124870000009
188,TTD_1,TTD,Inactive,1,5/17/2021,11/15/2021,1,1.0,1.0,0.0,509.79,105.45,404.34000000000003,509.79,509.79,105.45,-404.34000000000003,-404.34000000000003
189,TTD_2,TTD,Inactive,2,12/20/2021,4/1/2022,3,3.015142,3.015142,-1.0408340855860843e-17,225.0,222.42000000000002,2.5800000000000027,74.62631408072987,244.35345396909295,73.7676878037585,-2.5888801500000236,-406.92888015000005
190,TWLO_1,TWLO,Inactive,1,9/13/2021,10/26/2021,1,0.147869,0.147869,0.0,50.0,52.62,-2.6199999999999974,338.14,338.14,355.86,2.620238680000004,2.620238680000004
191,TWLO_2,TWLO,Inactive,2,11/2/2021,3/21/2022,2,1.704209,1.7042089999999999,1.6653345369377348e-16,497.41,319.63,177.78000000000003,291.87288536206535,775.5083622024281,187.5523008973665,-177.78407893000002,-175.16384025000002
192,TXG_1,TXG,Inactive,1,9/15/2021,11/1/2021,1,0.129626,0.129626,0.0,20.0,21.16,-1.1600000000000001,154.29,154.29,163.24,1.160152700000002,1.160152700000002
193,U_1,U,Inactive,1,11/9/2021,4/11/2022,3,0.9256599999999999,0.9256599999999999,0.0,150.0,105.33,44.67,158.19096211013505,158.055537554786,113.78909493766609,-44.66901189000001,-44.66901189000001
194,UBS_1,UBS,Inactive,1,12/6/2021,4/20/2022,2,4.197072,4.197072,3.608224830031759e-16,75.0,74.8,0.20000000000000506,17.869595746749162,19.079321263294624,17.821738659713247,-0.20085964000000592,-0.20085964000000592
195,UNH_1,UNH,Inactive,1,4/11/2022,5/10/2022,1,0.184189,0.184189,0.0,100.0,89.09,10.909999999999997,542.92,542.92,483.69000000000005,-10.909514469999992,-10.909514469999992
196,UPST_1,UPST,Inactive,1,11/9/2021,11/10/2021,1,0.598802,0.598802,0.0,200.0,153.68,46.31999999999999,334.0,334.0,256.65,-46.31733470000001,-46.31733470000001
197,UPST_2,UPST,Inactive,2,11/24/2021,12/6/2021,1,0.048211,0.048211,0.0,10.0,8.47,1.5299999999999994,207.42,207.42,175.69,-1.5297350299999994,-47.84706973000001
198,UPWK_1,UPWK,Inactive,1,7/16/2021,10/21/2021,2,1.941619,1.941619,0.0,99.21000000000001,110.19,-10.97999999999999,51.09651733939563,45.68082605286674,56.74959979790062,10.976132309999993,10.976132309999993
199,UPWK_2,UPWK,Inactive,2,10/29/2021,12/6/2021,3,5.524658,5.5246580000000005,0.0,250.11,222.95,27.16000000000001,43.72338052656457,43.72339103538556,40.35692004102335,-27.15178180000001,-16.175649490000016
200,WISH_1,WISH,Inactive,1,7/9/2021,7/12/2021,2,10.0,10.0,0.0,109.55,108.7,0.8499999999999943,10.955,10.955,10.87,-0.8500000000000085,-0.8500000000000085
201,WISH_2,WISH,Inactive,2,7/26/2021,7/28/2021,1,2.726995,2.726995,0.0,25.0,26.4,-1.3999999999999986,9.17,9.17,9.68,1.3907674499999994,0.5407674499999908
202,WMT_1,WMT,Inactive,1,4/11/2022,4/27/2022,1,1.0,1.0,0.0,156.54,154.96,1.579999999999984,156.54,156.54,154.96,-1.579999999999984,-1.579999999999984
203,WNW_1,WNW,Inactive,1,7/1/2021,8/5/2021,1,5.807419,5.807418999999999,0.0,50.0,30.500000000000004,19.5,8.61,14.74,5.252449034588343,-19.498705269999995,-19.498705269999995
204,XELA_1,XELA,Inactive,1,6/29/2021,7/6/2021,2,25.0,25.0,0.0,59.379999999999995,62.75,-3.3700000000000045,2.3760000000000003,2.3752,2.51,3.3499999999999863,3.3499999999999863
205,XELA_2,XELA,Inactive,2,7/16/2021,7/27/2021,1,14.72754,14.72754,0.0,50.0,40.84,9.16,3.4,4.764107886411664,2.7745815933957747,-9.210874599999999,-5.860874600000011
206,XOM_1,XOM,Inactive,1,3/21/2022,5/11/2022,2,2.420584,2.420584,-1.6653345369377348e-16,200.0,211.29,-11.289999999999992,82.62964831627409,61.34327506514756,87.2893908907933,11.279298319999997,11.279298319999997
207,XOS_1,XOS,Inactive,1,9/8/2021,9/8/2021,1,1.0,1.0,0.0,8.66,8.68,-0.019999999999999574,8.66,8.66,8.68,0.019999999999999574,0.019999999999999574
208,YNDX_1,YNDX,Inactive,1,10/26/2021,11/18/2021,1,0.644828,0.644828,0.0,50.0,52.58,-2.5799999999999983,77.54,77.54,81.54,2.579312,2.579312
209,ZG_1,ZG,Inactive,1,4/28/2021,12/6/2021,1,1.0,1.0,0.0,136.85,60.42,76.42999999999999,136.85,136.85,60.42,-76.42999999999999,-76.42999999999999
210,ZI_1,ZI,Inactive,1,5/25/2021,4/28/2022,10,9.074684000000001,9.074684,4.440892098500626e-16,553.25,534.84,18.409999999999975,61.39279158713726,66.67076089343468,58.937572411336866,-18.42254355,-18.42254355
211,ZIP_1,ZIP,Inactive,1,11/12/2021,11/18/2021,2,1.10998,1.10998,0.0,35.0,35.66,-0.6599999999999966,31.52926755437035,31.532099677471667,32.13,0.6668010000000022,0.6668010000000022
212,ZS_1,ZS,Inactive,1,10/27/2021,3/21/2022,6,1.585121,1.585121,0.0,500.0,347.67999999999995,152.32000000000002,315.43450867157776,480.43054342606064,219.3403426678468,-152.32088051000002,-152.32088051000002
213,ZTS_1,ZTS,Inactive,1,10/19/2021,4/12/2022,4,0.44891699999999995,0.448917,-5.551115123125783e-17,100.03,86.0,14.030000000000001,222.82581568530486,222.8251547613479,191.57,-14.031267010000006,-14.031267010000006
