symbol,stock,side,qty,cost basis,amount,fee,created date,transaction date
ZNGA,Zynga,referral,1,3.69,3.69,0,12/31/1969,12/31/1969
AMAT,Applied Materials,buy,1,41.85,41.85,0,5/4/2017,5/5/2017
DRRX,DURECT,buy,15,0.99,14.92,0,5/8/2017,5/8/2017
AAOI,Applied Optoelectronics,buy,1,57.93,57.93,0,5/8/2017,5/8/2017
DRRX,DURECT,sell,15,1.03,15.45,0.02,5/11/2017,5/11/2017
AAOI,Applied Optoelectronics,sell,1,61.74,61.74,0.02,6/30/2017,6/30/2017
AMAT,Applied Materials,sell,1,41.81,41.81,0.02,6/30/2017,6/30/2017
TDOC,Teladoc Health,buy,1,66.55,66.55,0,7/25/2018,7/26/2018
PYPL,PayPal,buy,1,88.51,88.51,0,7/25/2018,7/26/2018
IQ,iQIYI,buy,2,32.9,65.8,0,7/25/2018,7/26/2018
MITK,Mitek,buy,5,9.45,47.25,0,7/25/2018,7/26/2018
SQ,Block,buy,1,71.02,71.02,0,7/25/2018,7/26/2018
GRPN,Groupon,referral,1,3.83,3.83,0,11/2/2019,11/2/2019
STMP,Stamps.com,buy,1,219.4,219.4,0,2/18/2021,2/18/2021
RKT,Rocket Companies,buy,2,38.89,77.78,0,3/3/2021,3/3/2021
RKT,Rocket Companies,buy,1,33.23,33.23,0,3/3/2021,3/3/2021
CRNC,Cerence,buy,1,112.3,112.3,0,3/11/2021,3/11/2021
TGT,Target,buy,1,189,189,0,3/22/2021,3/22/2021
MELI,MercadoLibre,buy,0.175968,1420.71,250,0,3/24/2021,3/24/2021
MELI,MercadoLibre,buy,0.175155,1427.31,250,0,3/24/2021,3/24/2021
MELI,MercadoLibre,buy,0.353976,1412.53,500,0,3/24/2021,3/24/2021
TER,Teradyne,buy,1,126.37,126.37,0,4/1/2021,4/1/2021
ZG,Zillow Class A,buy,1,136.85,136.85,0,4/28/2021,4/28/2021
LITE,Lumentum,buy,1,82.88,82.88,0,5/4/2021,5/4/2021
LITE,Lumentum,buy,2,82,164,0,5/4/2021,5/4/2021
CRNC,Cerence,buy,1,90.7,90.7,0,5/4/2021,5/4/2021
NET,Cloudflare,buy,1,79.5,79.5,0,5/4/2021,5/4/2021
MO,Altria,buy,3,50.68,152.04,0,5/10/2021,5/10/2021
TTD,Trade Desk,buy,1,509.79,509.79,0,5/14/2021,5/17/2021
MKC,McCormick,buy,1,89.7,89.7,0,5/19/2021,5/19/2021
APPH,AppHarvest,buy,7,14.5,101.5,0,5/20/2021,5/20/2021
CIEN,Ciena,buy,2,51.91,103.82,0,5/20/2021,5/20/2021
SHOP,Shopify,buy,0.081426,1228.11,100,0,5/21/2021,5/21/2021
NVR,NVR,buy,0.021422,4668.1,100,0,5/21/2021,5/21/2021
SE,Sea Limited,buy,1,246.06,246.06,0,5/21/2021,5/21/2021
LOW,Lowe's,buy,1,191.3,191.3,0,5/25/2021,5/25/2021
AMZN,Amazon,buy,0.015283,3271.61,50,0,5/25/2021,5/25/2021
ZI,ZoomInfo Technologies,buy,1,43.25,43.25,0,5/25/2021,5/25/2021
RBLX,Roblox,buy,1,89,89,0,5/25/2021,5/25/2021
PAC,Grupo Aeroportuario del Pacific,buy,1,111.11,111.11,0,5/25/2021,5/25/2021
SNOW,Snowflake,buy,0.216689,230.75,50,0,5/25/2021,5/25/2021
ETSY,Etsy,buy,0.295083,169.44,50,0,5/25/2021,5/25/2021
AMZN,Amazon,buy,0.046278,3241.28,150,0,5/25/2021,5/25/2021
ATVI,Activision Blizzard,buy,1,96.35,96.35,0,5/25/2021,5/25/2021
LCID,Churchill Capital,buy,2,20.66,41.31,0,5/26/2021,5/26/2021
LCID,Churchill Capital,buy,1,20.5,20.5,0,5/26/2021,5/26/2021
VGAC,VG,buy,3,9.98,29.94,0,5/26/2021,5/26/2021
CRM,Salesforce,buy,0.4247,235.46,100,0,6/1/2021,6/1/2021
LCID,Churchill Capital,buy,1,21.58,21.58,0,6/1/2021,6/1/2021
CRWD,CrowdStrike Holdings,buy,0.452474,221.01,100,0,6/1/2021,6/2/2021
ATVI,Activision Blizzard,buy,1,94.28,94.28,0,5/25/2021,6/3/2021
PAC,Grupo Aeroportuario del Pacific,buy,0.017393,108.66,1.89,0,6/7/2021,6/8/2021
TSM,Taiwan Semiconductor Manufacturing,buy,0.008625,115.94,1,0,6/8/2021,6/8/2021
TSM,Taiwan Semiconductor Manufacturing,buy,0.431387,115.91,50,0,6/8/2021,6/8/2021
TGT,Target,buy,0.002933,231.84,0.68,0,6/10/2021,6/11/2021
NGAC,NextGen,buy,5,10.07,50.35,0,6/13/2021,6/14/2021
RBLX,Roblox,buy,1,82.21,82.21,0,6/16/2021,6/16/2021
RBLX,Roblox,buy,1,81.5,81.5,0,6/16/2021,6/16/2021
TSM,Taiwan Semiconductor Manufacturing,buy,0.21208,117.88,25,0,6/17/2021,6/17/2021
LULU,Lululemon,buy,0.074516,335.5,25,0,6/17/2021,6/17/2021
TDOC,Teladoc Health,buy,0.165947,150.65,25,0,6/17/2021,6/17/2021
TER,Teradyne,buy,0.195434,127.92,25,0,6/17/2021,6/17/2021
F,Ford Motor,buy,1,15.2,15.2,0,6/17/2021,6/17/2021
F,Ford Motor,buy,1,15.2,15.2,0,6/17/2021,6/17/2021
AMD,AMD,buy,0.304154,82.2,25,0,6/17/2021,6/17/2021
TER,Teradyne,buy,0.000797,125.47,0.1,0,6/18/2021,6/21/2021
SPLK,Splunk,buy,0.18055,138.47,25,0,6/23/2021,6/23/2021
ALRM,Alarm.com,buy,0.596801,83.78,50,0,6/23/2021,6/23/2021
BARK,BARK,buy,1,10.03,10.03,0,6/28/2021,6/29/2021
BARK,BARK,buy,1,10.03,10.03,0,6/28/2021,6/29/2021
QRVO,Qorvo,buy,0.396909,188.96,75,0,6/28/2021,6/29/2021
MRIN,Marin Software,buy,1,11.84,11.84,0,6/29/2021,6/29/2021
XELA,Exela Technologies,buy,5,2.04,10.19,0,6/29/2021,6/29/2021
GLBS,Globus Maritime,buy,5,3.85,19.25,0,6/29/2021,6/29/2021
MRIN,Marin Software,buy,1,12.83,12.83,0,6/29/2021,6/29/2021
PBTS,Powerbridge Technologies,buy,10,2.04,20.35,0,6/29/2021,6/29/2021
GLBS,Globus Maritime,sell,5,3.84,19.2,0,6/29/2021,6/29/2021
PBTS,Powerbridge Technologies,buy,5,2.26,11.3,0,6/29/2021,6/29/2021
MRIN,Marin Software,sell,1,15.76,15.76,0,6/29/2021,6/29/2021
PBTS,Powerbridge Technologies,sell,10,2.3,23.01,0,6/29/2021,6/29/2021
MRIN,Marin Software,sell,1,15.34,15.34,0,6/29/2021,6/29/2021
XELA,Exela Technologies,buy,20,2.46,49.19,0,6/30/2021,6/30/2021
IKT,Inhibikase,buy,50,2.77,138.25,0,6/30/2021,6/30/2021
CUEN,Cuentas,buy,12.106537,8.26,100,0,6/30/2021,6/30/2021
MMAT,Meta Materials,buy,10,7.93,79.3,0,6/30/2021,6/30/2021
POWW,Ammo,buy,4.926108,10.15,50,0,6/30/2021,6/30/2021
MMAT,Meta Materials,buy,5,7.44,37.2,0,6/30/2021,6/30/2021
BLIN,Bridgeline Digital,buy,8.375209,5.97,50,0,7/1/2021,7/1/2021
WNW,Meiwu Technology Company,buy,5.807419,8.61,50,0,7/1/2021,7/1/2021
MRIN,Marin Software,buy,3.831015,18.09,69.3,0,7/1/2021,7/1/2021
PBTS,Powerbridge Technologies,sell,5,2.13,10.65,0,7/1/2021,7/1/2021
POWW,Ammo,sell,4.926108,9.59,47.24,0,7/1/2021,7/1/2021
IKT,Inhibikase,sell,50,2.8,140.15,0,7/1/2021,7/1/2021
CUEN,Cuentas,sell,12.106537,6.7,81.12,0,7/1/2021,7/1/2021
MMAT,Meta Materials,sell,15,7.31,109.69,0,7/1/2021,7/1/2021
MRIN,Marin Software,sell,3,21.22,63.66,0,7/2/2021,7/2/2021
MRIN,Marin Software,sell,0.831015,21,17.45,0,7/2/2021,7/2/2021
BLIN,Bridgeline Digital,sell,8.375209,7.48,62.65,0,7/2/2021,7/2/2021
XELA,Exela Technologies,sell,25,2.51,62.75,0,7/6/2021,7/6/2021
PCOR,Procore Technologies,buy,1,91.15,91.15,0,7/7/2021,7/7/2021
V,Visa,buy,1,240.26,240.26,0,7/7/2021,7/7/2021
ABNB,Airbnb,buy,1,148.04,148.04,0,7/7/2021,7/7/2021
TRMB,Trimble,buy,1,82.61,82.61,0,7/7/2021,7/7/2021
PUBM,PubMatic,buy,1,34.25,34.25,0,7/8/2021,7/8/2021
WISH,ContextLogic,buy,5,11,55,0,7/9/2021,7/9/2021
WISH,ContextLogic,buy,5,10.91,54.55,0,7/9/2021,7/9/2021
PUBM,PubMatic,sell,1,34.99,34.99,0,7/9/2021,7/9/2021
MO,Altria,buy,0.054646,47.21,2.58,0,7/9/2021,7/12/2021
CRTD,Creatd,buy,11,5.93,65.23,0,7/12/2021,7/12/2021
WISH,ContextLogic,sell,10,10.87,108.7,0,7/12/2021,7/12/2021
MDIA,Mediaco,buy,1.905502,13.12,25,0,7/12/2021,7/12/2021
CRTD,Creatd,sell,11,5.2,57.2,0,7/12/2021,7/12/2021
MDIA,Mediaco,buy,2.024756,12.35,25,0,7/12/2021,7/12/2021
MDIA,Mediaco,sell,3.930258,13.7,53.84,0,7/12/2021,7/12/2021
MDIA,Mediaco,buy,5,14.33,71.63,0,7/12/2021,7/12/2021
MDIA,Mediaco,sell,5,14.33,71.65,0,7/12/2021,7/12/2021
RCON,Recon Technology,buy,13.15944,3.8,50,0,7/13/2021,7/13/2021
RCON,Recon Technology,buy,5,3.96,19.8,0,7/14/2021,7/14/2021
TSM,Taiwan Semiconductor Manufacturing,buy,0.425332,117.56,50,0,7/15/2021,7/15/2021
MA,Mastercard,buy,0.128106,390.3,50,0,7/15/2021,7/15/2021
TSM,Taiwan Semiconductor Manufacturing,buy,0.001346,118.87,0.16,0,7/15/2021,7/16/2021
UPWK,Upwork,buy,1,49.21,49.21,0,7/16/2021,7/16/2021
ISRG,Intuitive Surgical,buy,0.104646,955.6,100,0,7/15/2021,7/16/2021
CMG,Chipotle,buy,0.031562,1584.18,50,0,7/16/2021,7/16/2021
EPAM,EPAM Systems,buy,0.092874,538.36,50,0,7/16/2021,7/16/2021
RH,RH,buy,0.149537,668.73,100,0,7/16/2021,7/16/2021
XELA,Exela Technologies,buy,14.72754,3.4,50,0,7/16/2021,7/16/2021
LCID,Churchill Capital,sell,1,23.69,23.69,0,7/16/2021,7/16/2021
LCID,Churchill Capital,sell,1,23.66,23.66,0,7/16/2021,7/16/2021
SPT,Sprout Social,buy,0.589344,84.84,50,0,7/16/2021,7/16/2021
BARK,BARK,sell,2,8.46,16.92,0,7/20/2021,7/20/2021
LCID,Churchill Capital,sell,1,24.14,24.14,0,7/20/2021,7/20/2021
RCON,Recon Technology,sell,8,3.53,28.2,0,7/21/2021,7/21/2021
XELA,Exela Technologies,sell,4.72754,2.99,14.14,0,7/21/2021,7/21/2021
ADSK,Autodesk,buy,0.083319,300.05,25,0,7/21/2021,7/21/2021
DOCU,DocuSign,buy,0.083071,300.95,25,0,7/21/2021,7/21/2021
DIS,Disney,buy,0.19843,176.38,35,0,7/21/2021,7/22/2021
MASI,Masimo,buy,0.364431,274.4,100,0,7/23/2021,7/23/2021
WISH,ContextLogic,buy,2.726995,9.17,25,0,7/26/2021,7/26/2021
RCON,Recon Technology,sell,3.358778,3.28,11,0,7/26/2021,7/26/2021
XELA,Exela Technologies,sell,5.20162,2.5,13,0,7/26/2021,7/26/2021
BLIN,Bridgeline Digital,buy,8.865248,5.64,50,0,7/26/2021,7/26/2021
RCON,Recon Technology,sell,3.664641,3.27,12,0,7/26/2021,7/26/2021
MKC,McCormick,buy,0.003982,85.38,0.34,0,7/26/2021,7/27/2021
PI,Impinj,buy,0.980512,40.8,40,0,7/27/2021,7/27/2021
UPWK,Upwork,buy,0.941619,53.1,50,0,7/27/2021,7/27/2021
SE,Sea Limited,buy,0.191681,260.85,50,0,7/27/2021,7/27/2021
XELA,Exela Technologies,sell,4.79838,2.86,13.7,0,7/27/2021,7/27/2021
BLIN,Bridgeline Digital,buy,9.454663,5.29,50,0,7/27/2021,7/27/2021
APPH,AppHarvest,buy,1,12.4,12.4,0,7/27/2021,7/27/2021
IQ,iQIYI,sell,2,11.15,22.3,0,7/28/2021,7/28/2021
WNW,Meiwu Technology Company,sell,0.807419,5.28,4.26,0,7/28/2021,7/28/2021
RCON,Recon Technology,sell,0.136021,3.23,0.44,0,7/28/2021,7/28/2021
MITK,Mitek,buy,1,18.72,18.72,0,7/28/2021,7/28/2021
WISH,ContextLogic,sell,2.726995,9.68,26.4,0,7/28/2021,7/28/2021
RCON,Recon Technology,sell,2,3.45,6.9,0,7/29/2021,7/29/2021
WNW,Meiwu Technology Company,sell,3,5.42,16.26,0,8/3/2021,8/3/2021
RCON,Recon Technology,sell,1,3.33,3.33,0,8/3/2021,8/3/2021
LOW,Lowe's,buy,0.004185,191.16,0.8,0,8/4/2021,8/5/2021
PINS,Pinterest,buy,0.502887,59.66,30,0,8/4/2021,8/5/2021
WNW,Meiwu Technology Company,sell,2,4.99,9.98,0,8/5/2021,8/5/2021
LITE,Lumentum,sell,1,80.97,80.97,0,8/5/2021,8/5/2021
BLND,Blend Labs,buy,1.650618,18.18,30,0,8/5/2021,8/5/2021
BLND,Blend Labs,buy,1,19.65,19.65,0,8/9/2021,8/9/2021
PLTR,Palantir Technologies,buy,1,22.84,22.84,0,8/9/2021,8/9/2021
LULU,Lululemon,buy,0.061152,408.82,25,0,8/9/2021,8/9/2021
AMD,AMD,buy,0.178635,111.96,20,0,8/9/2021,8/9/2021
APPH,AppHarvest,buy,1.286173,7.78,10,0,8/11/2021,8/11/2021
ABNB,Airbnb,sell,0.508319,147.55,75,0,8/11/2021,8/11/2021
NET,Cloudflare,buy,0.41806,119.6,50,0,8/11/2021,8/11/2021
ZI,ZoomInfo Technologies,buy,0.167574,59.68,10,0,8/11/2021,8/11/2021
AXON,Axon,buy,0.087179,183.53,16,0,8/12/2021,8/12/2021
RBLX,Roblox,sell,1,84.01,84.01,0,8/13/2021,8/13/2021
RKT,Rocket Companies,buy,1.034393,19.34,20,0,8/13/2021,8/13/2021
CRMT,America's Car-Mart,buy,0.122906,162.73,20,0,8/13/2021,8/13/2021
PINS,Pinterest,buy,0.267952,55.98,15,0,8/13/2021,8/13/2021
FVRR,Fiverr International,buy,0.146391,170.78,25,0,8/13/2021,8/13/2021
PINS,Pinterest,buy,4,56.03,224.12,0,8/14/2021,8/16/2021
FVRR,Fiverr International,buy,1,165.77,165.77,0,8/16/2021,8/16/2021
PINS,Pinterest,buy,1.024719,55.63,57,0,8/16/2021,8/16/2021
AXON,Axon,buy,0.187321,186.85,35,0,8/16/2021,8/16/2021
STMP,Stamps.com,sell,1,327.46,327.46,0,8/26/2021,8/26/2021
ROKU,Roku,buy,0.27901,358.41,100,0,8/26/2021,8/26/2021
PINS,Pinterest,buy,1.74764,57.22,100,0,8/26/2021,8/26/2021
FVRR,Fiverr International,buy,0.422344,177.58,75,0,8/26/2021,8/26/2021
BLIN,Bridgeline Digital,sell,8,5.47,43.78,0,8/30/2021,8/30/2021
V,Visa,buy,0.001389,230.38,0.32,0,9/1/2021,9/2/2021
XOS,Xos,sell,1,8.66,8.66,0,9/8/2021,9/8/2021
XOS,Xos,sell,1,8.68,8.68,0,9/8/2021,9/8/2021
SPT,Sprout Social,buy,0.311034,128.6,40,0,9/8/2021,9/8/2021
ZI,ZoomInfo Technologies,buy,0.75746,66.01,50,0,9/8/2021,9/8/2021
SPT,Sprout Social,buy,0.077972,128.25,10,0,9/8/2021,9/8/2021
ESTC,Elastic N.V.,buy,0.304506,164.2,50,0,9/8/2021,9/8/2021
MO,Altria,sell,1.481971,50.61,75,0,9/8/2021,9/8/2021
MO,Altria,sell,0.592826,50.61,30,0,9/9/2021,9/9/2021
MO,Altria,sell,0.979849,50.61,49.59,0,9/9/2021,9/9/2021
SNOW,Snowflake,buy,0.09359,320.55,30,0,9/9/2021,9/9/2021
TGT,Target,buy,0.003663,245.7,0.9,0,9/10/2021,9/13/2021
CRNC,Cerence,sell,1,103.32,103.32,0,9/13/2021,9/13/2021
FVRR,Fiverr International,sell,0.5,194.72,97.36,0,9/13/2021,9/13/2021
TWLO,Twilio,buy,0.147869,338.14,50,0,9/13/2021,9/13/2021
AXON,Axon,buy,0.141622,176.53,25,0,9/13/2021,9/13/2021
SPLK,Splunk,buy,0.164983,151.53,25,0,9/13/2021,9/13/2021
PLTR,Palantir Technologies,buy,0.96432,25.93,25,0,9/13/2021,9/13/2021
DIS,Disney,buy,0.191602,182.67,35,0,9/14/2021,9/14/2021
DMTK,DermTech,buy,0.029239,34.2,1,0,9/15/2021,9/15/2021
EPAM,EPAM Systems,buy,0.040009,624.86,25,0,9/15/2021,9/15/2021
AMD,AMD,buy,0.238674,104.75,25,0,9/15/2021,9/15/2021
TXG,10x Genomics,buy,0.129626,154.29,20,0,9/15/2021,9/15/2021
DMTK,DermTech,buy,0.576036,34.72,20,0,9/15/2021,9/15/2021
LULU,Lululemon,buy,0.0836,418.66,35,0,9/15/2021,9/15/2021
PLTR,Palantir Technologies,buy,0.92816,26.94,25,0,9/15/2021,9/15/2021
MA,Mastercard,buy,0.057902,345.41,20,0,9/15/2021,9/16/2021
PCOR,Procore Technologies,sell,0.43957,95.55,42,0,9/17/2021,9/17/2021
ROKU,Roku,buy,0.062158,321.76,20,0,9/17/2021,9/17/2021
RH,RH,sell,0.074693,669.41,50,0,9/20/2021,9/20/2021
PLTR,Palantir Technologies,buy,1.695496,26.54,45,0,9/20/2021,9/20/2021
AMZN,Amazon,buy,0.005962,3354.58,20,0,9/21/2021,9/21/2021
CRNC,Cerence,sell,0.490003,102.04,50,0,9/21/2021,9/21/2021
DOCU,DocuSign,buy,0.110879,270.57,30,0,9/21/2021,9/21/2021
ROKU,Roku,buy,0.093447,321.04,30,0,9/21/2021,9/21/2021
LCID,Lucid Group,sell,1,26.82,26.82,0,9/21/2021,9/21/2021
EPAM,EPAM Systems,buy,0.032549,614.46,20,0,9/21/2021,9/21/2021
TSM,Taiwan Semiconductor Manufacturing,sell,0.215331,116.1,25,0,9/23/2021,9/23/2021
UPWK,Upwork,sell,0.487044,51.33,25,0,9/23/2021,9/23/2021
ROKU,Roku,buy,0.077764,321.49,25,0,9/24/2021,9/24/2021
TER,Teradyne,buy,0.001007,119.17,0.12,0,9/24/2021,9/27/2021
APPH,AppHarvest,buy,1.509433,6.63,10,0,9/27/2021,9/27/2021
ROKU,Roku,buy,0.064172,311.66,20,0,9/28/2021,9/28/2021
SPT,Sprout Social,buy,0.033422,119.68,4,0,9/28/2021,9/28/2021
NET,Cloudflare,sell,0.365363,136.85,50,0,10/7/2021,10/7/2021
MELI,MercadoLibre,sell,0.063513,1574.48,100,0,10/7/2021,10/7/2021
TTD,Trade Desk,sell,2,70.8,141.6,0,10/7/2021,10/7/2021
ETSY,Etsy,buy,0.229478,217.89,50,0,10/7/2021,10/7/2021
F,Ford Motor,buy,3.361344,14.88,50,0,10/7/2021,10/7/2021
PAC,Grupo Aeroportuario del Pacific,buy,0.031212,124.63,3.89,0,10/8/2021,10/11/2021
MTTR,Matterport,buy,2,19.8,39.6,0,10/13/2021,10/13/2021
NET,Cloudflare,sell,1,155.07,155.07,0,10/13/2021,10/13/2021
F,Ford Motor,sell,5,15.48,77.4,0,10/14/2021,10/14/2021
ADBE,Adobe,buy,0.246812,607.75,150,0,10/14/2021,10/14/2021
LUV,Southwest Airlines,buy,1.943823,51.45,100,0,10/14/2021,10/14/2021
DAL,Delta Air Lines,buy,2.426889,41.21,100,0,10/14/2021,10/14/2021
TSM,Taiwan Semiconductor Manufacturing,buy,0.003658,114.82,0.42,0,10/14/2021,10/15/2021
MASI,Masimo,sell,0.174,287.36,50,0,10/18/2021,10/18/2021
ADBE,Adobe,buy,0.055678,610.65,34,0,10/17/2021,10/18/2021
SHOP,Shopify,buy,0.023859,1425.04,34,0,10/17/2021,10/18/2021
AMD,AMD,buy,0.303869,111.89,34,0,10/17/2021,10/18/2021
ROKU,Roku,buy,0.104986,323.85,34,0,10/17/2021,10/18/2021
RH,RH,buy,0.051716,657.44,34,0,10/17/2021,10/18/2021
DOCU,DocuSign,buy,0.130093,261.35,34,0,10/17/2021,10/18/2021
ETSY,Etsy,buy,0.153971,220.82,34,0,10/17/2021,10/18/2021
UPWK,Upwork,sell,0.596228,58.7,35,0,10/18/2021,10/18/2021
ISRG,Intuitive Surgical,buy,0.102939,330.29,34,0,10/17/2021,10/18/2021
TER,Teradyne,buy,0.301225,112.87,34,0,10/17/2021,10/18/2021
TRMB,Trimble,buy,0.402366,84.5,34,0,10/17/2021,10/18/2021
SE,Sea Limited,sell,1,360,360,0,10/18/2021,10/18/2021
TOST,Toast,buy,0.653971,51.99,34,0,10/18/2021,10/18/2021
ADBE,Adobe,buy,0.039333,635.6,25,0,10/19/2021,10/19/2021
LULU,Lululemon,buy,0.060138,415.71,25,0,10/19/2021,10/19/2021
TRMB,Trimble,buy,0.28767,86.91,25,0,10/19/2021,10/19/2021
LUV,Southwest Airlines,buy,0.506534,49.36,25,0,10/19/2021,10/19/2021
PLTR,Palantir Technologies,buy,1.011122,24.73,25,0,10/19/2021,10/19/2021
DOCU,DocuSign,buy,0.091553,273.07,25,0,10/19/2021,10/19/2021
ISRG,Intuitive Surgical,buy,0.074175,337.04,25,0,10/19/2021,10/19/2021
IDXX,IDEXX Laboratories,buy,0.039075,639.8,25,0,10/19/2021,10/19/2021
ZTS,Zoetis,buy,0.122402,204.25,25,0,10/19/2021,10/19/2021
AXON,Axon,buy,0.269941,185.23,50,0,10/19/2021,10/19/2021
MA,Mastercard,buy,0.138224,361.73,50,0,10/19/2021,10/19/2021
ROKU,Roku,buy,0.145587,343.44,50,0,10/19/2021,10/19/2021
RH,RH,buy,0.074008,675.6,50,0,10/19/2021,10/19/2021
SHOP,Shopify,buy,0.033659,1485.49,50,0,10/19/2021,10/19/2021
SHOP,Shopify,buy,0.01683,1485.44,25,0,10/19/2021,10/19/2021
TGT,Target,buy,0.099174,252.08,25,0,10/19/2021,10/19/2021
PINS,Pinterest,sell,1,63.37,63.37,0,10/20/2021,10/20/2021
AMD,AMD,buy,0.214592,116.5,25,0,10/21/2021,10/21/2021
LULU,Lululemon,buy,0.060057,416.27,25,0,10/21/2021,10/21/2021
GOOG,Alphabet Class C,buy,0.017581,2843.98,50,0,10/21/2021,10/21/2021
ADSK,Autodesk,buy,0.083822,298.25,25,0,10/21/2021,10/21/2021
NVDA,NVIDIA,buy,0.226244,221,50,0,10/21/2021,10/21/2021
ADSK,Autodesk,buy,0.083822,298.25,25,0,10/21/2021,10/21/2021
NET,Cloudflare,sell,0.02828,176.8,5,0,10/20/2021,10/21/2021
SBUX,Starbucks,buy,1,113.8,113.8,0,10/21/2021,10/21/2021
CRM,Salesforce,sell,0.206359,290.76,60,0,10/21/2021,10/21/2021
EPAM,EPAM Systems,sell,0.165432,638.51,105.63,0,10/21/2021,10/21/2021
FVRR,Fiverr International,sell,0.540461,185.03,100,0,10/21/2021,10/21/2021
LOW,Lowe's,sell,0.528739,226.96,120,0,10/21/2021,10/21/2021
MASI,Masimo,sell,0.176998,282.49,50,0,10/21/2021,10/21/2021
PINS,Pinterest,sell,2,60.91,121.82,0,10/21/2021,10/21/2021
UPWK,Upwork,sell,0.858347,58.47,50.19,0,10/21/2021,10/21/2021
ME,23andMe,sell,3,10.19,30.57,0,10/21/2021,10/21/2021
TTD,Trade Desk,sell,2,80.57,161.14,0,10/21/2021,10/21/2021
MTTR,Matterport,sell,1.769521,19.78,35,0,10/21/2021,10/21/2021
TRMB,Trimble,buy,0.574415,87.05,50,0,10/21/2021,10/21/2021
PLTR,Palantir Technologies,buy,2.017349,24.79,50,0,10/21/2021,10/21/2021
ADSK,Autodesk,buy,0.081955,305.05,25,0,10/21/2021,10/21/2021
MITK,Mitek,buy,2.571355,19.45,50,0,10/21/2021,10/21/2021
ADSK,Autodesk,buy,0.163902,305.06,50,0,10/21/2021,10/21/2021
YNDX,Yandex,buy,0.644828,77.54,50,0,10/26/2021,10/26/2021
PI,Impinj,buy,0.439908,56.83,25,0,10/26/2021,10/26/2021
TOST,Toast,buy,0.946803,52.81,50,0,10/26/2021,10/26/2021
SHOP,Shopify,buy,0.035017,1427.88,50,0,10/26/2021,10/26/2021
SE,Sea Limited,buy,0.282477,354.01,100,0,10/26/2021,10/26/2021
MNDY,Monday.com,buy,0.129366,386.5,50,0,10/26/2021,10/26/2021
IDXX,IDEXX Laboratories,buy,0.076381,654.61,50,0,10/26/2021,10/26/2021
MITK,Mitek,buy,2.014098,19.86,40,0,10/26/2021,10/26/2021
ALRM,Alarm.com,sell,0.596801,81.82,48.83,0,10/26/2021,10/26/2021
NVR,NVR,sell,0.021422,4889.83,104.75,0,10/26/2021,10/26/2021
MNDY,Monday.com,buy,0.137631,363.29,50,0,10/26/2021,10/26/2021
SPT,Sprout Social,sell,1.011772,122.63,124.07,0,10/26/2021,10/26/2021
DKS,Dicks Sporting Goods,buy,1,124.07,124.07,0,10/26/2021,10/26/2021
TSCO,Tractor Supply,buy,0.482113,207.42,100,0,10/26/2021,10/26/2021
CIEN,Ciena,sell,2,52.6,105.2,0,10/26/2021,10/26/2021
TWLO,Twilio,sell,0.147869,355.86,52.62,0,10/26/2021,10/26/2021
MKC,McCormick,buy,0.004176,81.42,0.34,0,10/26/2021,10/27/2021
ZS,Zscaler,buy,0.237191,316.2,75,0,10/27/2021,10/27/2021
TSLA,Tesla,buy,0.048164,1038.12,50,0,10/27/2021,10/27/2021
NVDA,NVIDIA,buy,0.30642,244.76,75,0,10/27/2021,10/27/2021
CMG,Chipotle,sell,0.031562,1749.89,55.23,0,10/27/2021,10/27/2021
SE,Sea Limited,buy,0.11783,339.47,40,0,10/27/2021,10/27/2021
NET,Cloudflare,sell,0.024417,181.43,4.43,0,10/27/2021,10/27/2021
LOW,Lowe's,sell,0.475446,233.86,111.19,0,10/27/2021,10/27/2021
FVRR,Fiverr International,sell,0.528274,174.28,92.07,0,10/27/2021,10/27/2021
SHOP,Shopify,sell,0.147696,1354.13,200,0,10/27/2021,10/27/2021
TER,Teradyne,sell,0.811652,123.21,100,0,10/27/2021,10/27/2021
TER,Teradyne,sell,0.243131,123.39,30,0,10/27/2021,10/27/2021
PCOR,Procore Technologies,sell,0.56043,91.22,51.12,0,10/27/2021,10/27/2021
PAC,Grupo Aeroportuario del Pacific,sell,1.048605,126.22,132.36,0,10/27/2021,10/27/2021
TRMB,Trimble,sell,2.264451,85.83,194.36,0,10/27/2021,10/27/2021
ABNB,Airbnb,sell,0.491681,169.32,83.25,0,10/27/2021,10/27/2021
CRM,Salesforce,sell,0.218341,295.13,64.44,0,10/27/2021,10/27/2021
LITE,Lumentum,sell,2,82.29,164.58,0,10/26/2021,10/28/2021
ISRG,Intuitive Surgical,buy,0.142243,351.51,50,0,10/28/2021,10/28/2021
NVDA,NVIDIA,buy,0.403567,247.79,100,0,10/28/2021,10/28/2021
ZS,Zscaler,buy,0.237484,315.81,75,0,10/28/2021,10/28/2021
CRWD,CrowdStrike Holdings,buy,0.354786,281.86,100,0,10/28/2021,10/28/2021
NFLX,Netflix,buy,0.147896,676.15,100,0,10/28/2021,10/28/2021
NVEE,NV5 Global,buy,0.962834,103.86,100,0,10/28/2021,10/28/2021
SYNA,Synaptics,buy,0.527342,189.63,100,0,10/28/2021,10/28/2021
TSLA,Tesla,buy,0.046709,1070.46,50,0,10/28/2021,10/28/2021
TSCO,Tractor Supply,buy,0.238356,209.77,50,0,10/28/2021,10/28/2021
UPWK,Upwork,buy,4,48,192,0,10/29/2021,10/29/2021
RBLX,Roblox,buy,0.589622,84.8,50,0,10/29/2021,10/29/2021
FB,Meta Platforms,buy,0.617898,323.68,200,0,10/29/2021,10/29/2021
MTTR,Matterport,buy,3.635482,20.63,75,0,10/29/2021,10/29/2021
AMZN,Amazon,buy,0.03009,3323.36,100,0,10/29/2021,10/29/2021
PLTR,Palantir Technologies,buy,4,26.3,105.2,0,11/1/2021,11/1/2021
F,Ford Motor,sell,0.361344,17.41,6.29,0,11/1/2021,11/1/2021
TSLA,Tesla,sell,0.094873,1136.99,107.87,0,11/1/2021,11/1/2021
TXG,10x Genomics,sell,0.129626,163.24,21.16,0,11/1/2021,11/1/2021
SBUX,Starbucks,buy,0.233187,107.21,25,0,11/1/2021,11/1/2021
SNOW,Snowflake,buy,0.141306,353.84,50,0,11/1/2021,11/1/2021
MTTR,Matterport,sell,3.865961,24.12,93.23,0,11/1/2021,11/1/2021
ZI,ZoomInfo Technologies,buy,1.456424,68.66,100,0,11/1/2021,11/1/2021
MSFT,Microsoft,buy,0.301918,331.22,100,0,11/1/2021,11/1/2021
COIN,Coinbase,buy,0.154035,324.6,50,0,11/1/2021,11/1/2021
MNDY,Monday.com,buy,0.131395,380.53,50,0,11/1/2021,11/1/2021
ZS,Zscaler,buy,0.313033,319.46,100,0,11/1/2021,11/1/2021
INTU,Intuit,buy,0.06364,628.54,40,0,11/1/2021,11/1/2021
UPWK,Upwork,sell,2,48,96,0,11/1/2021,11/1/2021
NFLX,Netflix,sell,0.073374,681.44,50,0,11/1/2021,11/1/2021
PI,Impinj,buy,0.385671,77.79,30,0,11/2/2021,11/2/2021
TWLO,Twilio,buy,1,297.41,297.41,0,11/2/2021,11/2/2021
AMD,AMD,buy,0.189393,132,25,0,11/4/2021,11/4/2021
LRCX,Lam Research,buy,0.085673,583.61,50,0,11/4/2021,11/4/2021
TOST,Toast,sell,1.600774,59.75,95.65,0,11/4/2021,11/4/2021
BLND,Blend Labs,buy,1.324503,15.1,20,0,11/4/2021,11/4/2021
INTU,Intuit,sell,0.06364,628.85,40.02,0,11/4/2021,11/4/2021
COIN,Coinbase,sell,0.154035,337.39,51.97,0,11/4/2021,11/4/2021
PUBM,PubMatic,buy,3.733432,26.79,100,0,11/4/2021,11/4/2021
BLND,Blend Labs,buy,2.599259,15.39,40,0,11/4/2021,11/4/2021
TER,Teradyne,sell,0.44368,143.93,63.86,0,11/4/2021,11/4/2021
TGT,Target,buy,0.192281,260.04,50,0,11/4/2021,11/4/2021
NVEE,NV5 Global,buy,0.22856,109.38,25,0,11/4/2021,11/4/2021
LRCX,Lam Research,buy,0.067394,593.52,40,0,11/4/2021,11/4/2021
MNDY,Monday.com,sell,0.398392,359.5,143.22,0,11/5/2021,11/5/2021
IDXX,IDEXX Laboratories,sell,0.115456,638.51,73.72,0,11/5/2021,11/5/2021
NFLX,Netflix,sell,0.074522,663.03,49.41,0,11/5/2021,11/5/2021
SYNA,Synaptics,buy,0.406553,245.97,100,0,11/5/2021,11/5/2021
LRCX,Lam Research,buy,0.166689,599.98,100.01,0,11/5/2021,11/5/2021
PYPL,PayPal,sell,1,225.23,225.23,0,11/5/2021,11/5/2021
ADSK,Autodesk,sell,0.49682,324.66,161.3,0,11/5/2021,11/5/2021
CRNC,Cerence,sell,0.509997,107.02,54.58,0,11/5/2021,11/5/2021
TSM,Taiwan Semiconductor Manufacturing,sell,0.867097,117.8,102.14,0,11/5/2021,11/5/2021
SE,Sea Limited,buy,0.286615,348.9,100,0,11/8/2021,11/9/2021
UPST,Upstart,buy,0.598802,334,200,0,11/9/2021,11/9/2021
U,Unity Software,buy,0.590841,169.25,100,0,11/9/2021,11/9/2021
COIN,Coinbase,buy,0.136095,367.39,50,0,11/9/2021,11/9/2021
LRCX,Lam Research,buy,0.16394,609.98,100,0,11/9/2021,11/9/2021
MSFT,Microsoft,buy,0.296921,336.79,100,0,11/9/2021,11/9/2021
CRWD,CrowdStrike Holdings,buy,0.350877,285,100,0,11/9/2021,11/9/2021
PYPL,PayPal,buy,0.471698,212,100,0,11/9/2021,11/9/2021
AMD,AMD,buy,0.649368,154,100,0,11/9/2021,11/9/2021
LMND,Lemonade,buy,1.526714,65.5,100,0,11/9/2021,11/9/2021
TGT,Target,buy,0.39566,252.74,100,0,11/9/2021,11/9/2021
MA,Mastercard,buy,0.000229,349.34,0.08,0,11/9/2021,11/10/2021
SE,Sea Limited,buy,0.132795,338.87,45,0,11/10/2021,11/10/2021
SHOP,Shopify,buy,0.065044,1537.42,100,0,11/10/2021,11/10/2021
AMD,AMD,buy,0.2785,143.63,40,0,11/10/2021,11/10/2021
UPST,Upstart,sell,0.598802,256.65,153.68,0,11/10/2021,11/10/2021
LMND,Lemonade,buy,0.776677,64.38,50,0,11/10/2021,11/10/2021
LMND,Lemonade,buy,0.777339,64.32,50,0,11/10/2021,11/10/2021
SE,Sea Limited,buy,0.149124,335.29,50,0,11/10/2021,11/10/2021
DKS,Dicks Sporting Goods,sell,1,128.02,128.02,0,11/10/2021,11/10/2021
COIN,Coinbase,buy,0.061469,325.37,20,0,11/10/2021,11/10/2021
TOST,Toast,buy,0.994882,50.26,50,0,11/10/2021,11/10/2021
EOG,EOG Resources,buy,0.527815,94.73,50,0,11/11/2021,11/11/2021
PUBM,PubMatic,sell,2.718046,36.79,100,0,11/11/2021,11/11/2021
AXON,Axon,buy,0.292187,171.12,50,0,11/11/2021,11/11/2021
RBLX,Roblox,sell,0.489622,96.26,47.13,0,11/11/2021,11/11/2021
PUBM,PubMatic,sell,1.015386,40.02,40.64,0,11/11/2021,11/11/2021
AXON,Axon,buy,0.58997,169.5,100,0,11/11/2021,11/11/2021
PI,Impinj,sell,1.806091,75.42,136.21,0,11/11/2021,11/11/2021
FB,Meta Platforms,buy,0.303979,328.97,100,0,11/11/2021,11/11/2021
LC,Lending Club,buy,0.228371,43.79,10,0,11/12/2021,11/12/2021
KEY,KeyBank,buy,4.140862,24.15,100,0,11/12/2021,11/12/2021
ZIP,ZipRecruiter,buy,0.33704,29.67,10,0,11/12/2021,11/12/2021
DOCS,Doximity,buy,0.663922,75.31,50,0,11/12/2021,11/12/2021
ZI,ZoomInfo Technologies,sell,3,74.1,222.3,0,11/12/2021,11/12/2021
RBLX,Roblox,buy,0.206078,97.05,20,0,11/12/2021,11/12/2021
TTD,Trade Desk,sell,3,96,288,0,11/12/2021,11/12/2021
NVDA,NVIDIA,sell,0.461061,303.65,140,0,11/12/2021,11/12/2021
SHOP,Shopify,buy,0.029899,1672.3,50,0,11/12/2021,11/12/2021
TTD,Trade Desk,sell,1,105.45,105.45,0,11/15/2021,11/15/2021
ENB,Enbridge,buy,1.237404,40.41,50,0,11/16/2021,11/16/2021
TOST,Toast,buy,0.210426,47.52,10,0,11/16/2021,11/16/2021
SE,Sea Limited,buy,0.142739,350.29,50,0,11/16/2021,11/16/2021
KEY,KeyBank,buy,1.043586,23.96,25,0,11/16/2021,11/16/2021
TSCO,Tractor Supply,buy,0.223603,223.61,50,0,11/16/2021,11/16/2021
QDEL,Quidel,buy,0.340738,146.74,50,0,11/16/2021,11/16/2021
LULU,Lululemon,buy,0.05382,464.51,25,0,11/16/2021,11/16/2021
ZIP,ZipRecruiter,buy,0.77294,32.34,25,0,11/16/2021,11/16/2021
TRMB,Trimble,buy,1.120487,89.25,100,0,11/16/2021,11/16/2021
TSLA,Tesla,buy,0.095711,1044.81,100,0,11/16/2021,11/16/2021
DOCU,DocuSign,buy,0.186188,268.55,50,0,11/16/2021,11/16/2021
AMD,AMD,sell,1.315919,151.99,200,0,11/16/2021,11/16/2021
RH,RH,buy,0.076788,651.14,50,0,11/16/2021,11/16/2021
APPH,AppHarvest,buy,8.319206,6.01,50,0,11/17/2021,11/17/2021
SPLK,Splunk,buy,0.352211,141.96,50,0,11/17/2021,11/17/2021
PYPL,PayPal,buy,0.236518,211.4,50,0,11/17/2021,11/17/2021
TOST,Toast,buy,1.041666,48,50,0,11/17/2021,11/17/2021
RBLX,Roblox,sell,1,122,122,0,11/17/2021,11/17/2021
LRCX,Lam Research,sell,0.317212,630.49,200,0,11/17/2021,11/17/2021
NVDA,NVIDIA,sell,0.134907,296.5,40,0,11/17/2021,11/17/2021
SYNA,Synaptics,buy,0.075365,265.38,20,0,11/17/2021,11/17/2021
LRCX,Lam Research,sell,0.166484,637.12,106.07,0,11/18/2021,11/18/2021
LC,Lending Club,sell,0.228371,42.65,9.74,0,11/18/2021,11/18/2021
YNDX,Yandex,sell,0.644828,81.54,52.58,0,11/18/2021,11/18/2021
ZIP,ZipRecruiter,sell,1.10998,32.13,35.66,0,11/18/2021,11/18/2021
ADBE,Adobe,sell,0.341823,670.61,229.23,0,11/18/2021,11/18/2021
KEY,KeyBank,sell,5.184448,23.71,122.91,0,11/18/2021,11/18/2021
PYPL,PayPal,buy,0.12072,207.09,25,0,11/18/2021,11/18/2021
APPH,AppHarvest,buy,3.471412,5.76,20,0,11/18/2021,11/18/2021
SPLK,Splunk,buy,0.322733,139.43,45,0,11/18/2021,11/18/2021
SPLK,Splunk,buy,0.179288,139.44,25,0,11/18/2021,11/18/2021
FB,Meta Platforms,sell,0.921877,339.5,312.98,0,11/18/2021,11/18/2021
COIN,Coinbase,sell,0.197564,342.98,67.76,0,11/18/2021,11/18/2021
PYPL,PayPal,buy,0.965911,207.06,200,0,11/18/2021,11/18/2021
SBUX,Starbucks,sell,1.233187,112.25,138.43,0,11/18/2021,11/18/2021
ROKU,Roku,buy,0.04192,238.55,10,0,11/18/2021,11/18/2021
RH,RH,sell,0.277356,644.8,178.84,0,11/19/2021,11/19/2021
MASI,Masimo,sell,0.013433,309.69,4.16,0,11/22/2021,11/22/2021
PYPL,PayPal,buy,1,193.6,193.6,0,11/22/2021,11/22/2021
LUV,Southwest Airlines,buy,1.061745,47.09,50,0,11/22/2021,11/22/2021
PCOR,Procore Technologies,buy,1.136381,88,100,0,11/22/2021,11/22/2021
TOST,Toast,buy,4.445468,44.99,200,0,11/22/2021,11/22/2021
TWLO,Twilio,buy,0.704209,284.01,200,0,11/22/2021,11/22/2021
ZS,Zscaler,buy,0.272421,367.08,100,0,11/22/2021,11/22/2021
LMND,Lemonade,buy,1.420509,52.8,75,0,11/22/2021,11/22/2021
PLTR,Palantir Technologies,buy,2.452422,20.39,50,0,11/22/2021,11/22/2021
NET,Cloudflare,buy,0.534057,187.25,100,0,11/22/2021,11/22/2021
AFRM,Affirm,buy,0.40109,124.66,50,0,11/22/2021,11/22/2021
TSLA,Tesla,sell,0.095711,1157.55,110.79,0,11/22/2021,11/22/2021
ETSY,Etsy,buy,0.088811,281.5,25,0,11/23/2021,11/23/2021
EOG,EOG Resources,buy,0.274928,90.93,25,0,11/24/2021,11/24/2021
LC,Lending Club,buy,0.276702,36.14,10,0,11/24/2021,11/24/2021
BLK,BlackRock,buy,0.010729,932.05,10,0,11/24/2021,11/24/2021
QDEL,Quidel,buy,0.18487,135.23,25,0,11/24/2021,11/24/2021
SOFI,SoFi Technologies,buy,1.428571,17.5,25,0,11/24/2021,11/24/2021
CFLT,Confluent,buy,0.338535,73.85,25,0,11/24/2021,11/24/2021
MTTR,Matterport,buy,0.971628,25.73,25,0,11/24/2021,11/24/2021
COIN,Coinbase,buy,0.032485,307.83,10,0,11/24/2021,11/24/2021
LCID,Lucid Group,buy,0.193518,51.67,10,0,11/24/2021,11/24/2021
ESTC,Elastic N.V.,buy,0.165035,151.48,25,0,11/24/2021,11/24/2021
U,Unity Software,buy,0.142857,175,25,0,11/23/2021,11/24/2021
PUBM,PubMatic,buy,0.253936,39.38,10,0,11/24/2021,11/24/2021
AMTB,Amerant Bancorp,buy,0.326104,30.67,10,0,11/24/2021,11/24/2021
UPST,Upstart,buy,0.048211,207.42,10,0,11/24/2021,11/24/2021
PI,Impinj,buy,0.065015,76.91,5,0,11/24/2021,11/24/2021
AXON,Axon,sell,0.778095,179.93,140,0,11/24/2021,11/24/2021
NET,Cloudflare,buy,0.050572,197.74,10,0,11/24/2021,11/24/2021
SOFI,SoFi Technologies,buy,0.541565,18.47,10,0,11/24/2021,11/24/2021
MTTR,Matterport,buy,0.35346,28.29,10,0,11/24/2021,11/24/2021
AFRM,Affirm,buy,0.187413,133.4,25,0,11/24/2021,11/24/2021
LC,Lending Club,buy,0.260994,38.32,10,0,11/24/2021,11/24/2021
CFLT,Confluent,buy,0.125439,79.72,10,0,11/24/2021,11/24/2021
MTTR,Matterport,buy,0.353731,28.27,10,0,11/24/2021,11/24/2021
SOFI,SoFi Technologies,buy,0.540394,18.51,10,0,11/24/2021,11/24/2021
DOCS,Doximity,buy,0.16668,60,10,0,11/24/2021,11/24/2021
MSFT,Microsoft,sell,0.296757,336.98,100,0,11/24/2021,11/24/2021
FB,Meta Platforms,buy,0.146606,341.05,50,0,11/24/2021,11/24/2021
UPWK,Upwork,buy,1,38.11,38.11,0,11/24/2021,11/24/2021
ETSY,Etsy,buy,0.081953,305.05,25,0,11/25/2021,11/26/2021
SI,Silvergate Capital,buy,0.124977,200.04,25,0,11/25/2021,11/26/2021
AXON,Axon,sell,0.790125,179.53,141.85,0,11/29/2021,11/29/2021
PUBM,PubMatic,buy,1.199616,41.68,50,0,11/30/2021,11/30/2021
UPWK,Upwork,buy,0.524658,38.12,20,0,11/30/2021,11/30/2021
CFLT,Confluent,buy,0.588131,85.02,50,0,11/30/2021,11/30/2021
MTTR,Matterport,buy,0.739207,33.82,25,0,11/30/2021,11/30/2021
U,Unity Software,sell,0.292971,170.67,50,0,11/30/2021,11/30/2021
MTTR,Matterport,buy,0.87822,34.16,30,0,11/30/2021,11/30/2021
BLK,BlackRock,sell,0.010729,918.07,9.85,0,11/30/2021,11/30/2021
KEY,KeyBank,buy,1.107419,22.58,25,0,11/30/2021,11/30/2021
DMTK,DermTech,sell,0.605275,19.26,11.66,0,11/30/2021,11/30/2021
CRMT,America's Car-Mart,sell,0.122906,97.8,12.02,0,11/30/2021,11/30/2021
LC,Lending Club,buy,0.151768,32.95,5,0,11/30/2021,11/30/2021
SI,Silvergate Capital,buy,0.024562,203.57,5,0,11/30/2021,11/30/2021
SI,Silvergate Capital,buy,0.048958,204.26,10,0,11/30/2021,11/30/2021
SI,Silvergate Capital,buy,0.121524,205.72,25,0,11/30/2021,11/30/2021
MTTR,Matterport,buy,0.762892,32.77,25,0,11/30/2021,11/30/2021
CFLT,Confluent,buy,0.318207,78.57,25,0,11/30/2021,11/30/2021
SOFI,SoFi Technologies,buy,1.413627,17.69,25,0,11/30/2021,11/30/2021
AFRM,Affirm,buy,0.079117,126.4,10,0,11/30/2021,11/30/2021
COIN,Coinbase,buy,0.031379,318.68,10,0,11/30/2021,11/30/2021
LUV,Southwest Airlines,sell,1.12956,44.27,50,0,11/30/2021,11/30/2021
BX,Blackstone,buy,0.104193,143.96,15,0,12/1/2021,12/1/2021
BASE,Couchbase,buy,1.471343,33.98,50,0,12/1/2021,12/1/2021
PUBM,PubMatic,buy,0.373945,40.11,15,0,12/1/2021,12/1/2021
AFRM,Affirm,buy,0.195881,127.63,25,0,12/1/2021,12/1/2021
CFLT,Confluent,buy,0.619809,80.67,50,0,12/1/2021,12/1/2021
COIN,Coinbase,buy,0.062766,318.64,20,0,12/1/2021,12/1/2021
MTTR,Matterport,buy,0.751201,33.28,25,0,12/1/2021,12/1/2021
ZTS,Zoetis,buy,0.000136,220.59,0.03,0,12/1/2021,12/2/2021
ATVI,Activision Blizzard,sell,0.871492,57.37,50,0,12/3/2021,12/3/2021
BLIN,Bridgeline Digital,sell,10.319911,2.42,24.99,0,12/3/2021,12/3/2021
DIS,Disney,sell,0.390032,146.24,57.04,0,12/3/2021,12/3/2021
UBS,UBS,buy,1.40845,17.75,25,0,12/6/2021,12/6/2021
PAC,Grupo Aeroportuario del Pacific,buy,0.166763,119.93,20,0,12/6/2021,12/6/2021
ACN,Accenture,buy,0.069067,361.97,25,0,12/6/2021,12/6/2021
MRVL,Marvell Technology,buy,0.239639,83.46,20,0,12/6/2021,12/6/2021
COST,Costco,buy,0.04697,532.25,25,0,12/6/2021,12/6/2021
F,Ford Motor,buy,0.777806,19.29,15,0,12/6/2021,12/6/2021
RKT,Rocket Companies,sell,4.034393,16.07,64.85,0,12/6/2021,12/6/2021
ROKU,Roku,sell,0.869044,208.45,181.15,0,12/6/2021,12/6/2021
XOS,Xos,sell,3,3.5,10.49,0,12/6/2021,12/6/2021
DOCU,DocuSign,sell,0.601784,141.84,85.36,0,12/6/2021,12/6/2021
APPH,AppHarvest,sell,22.586224,5.06,114.29,0,12/6/2021,12/6/2021
ATVI,Activision Blizzard,sell,1.128508,58.04,65.5,0,12/6/2021,12/6/2021
MELI,MercadoLibre,sell,0.641586,1104.92,708.9,0.01,12/6/2021,12/6/2021
UPST,Upstart,sell,0.048211,175.69,8.47,0,12/6/2021,12/6/2021
CRWD,CrowdStrike Holdings,sell,1.158137,195.52,226.44,0,12/6/2021,12/6/2021
UPWK,Upwork,sell,3.524658,36.02,126.95,0,12/6/2021,12/6/2021
LMND,Lemonade,sell,4.501239,44.56,200.58,0,12/6/2021,12/6/2021
ZG,Zillow Class A,sell,1,60.42,60.42,0,12/6/2021,12/6/2021
PLTR,Palantir Technologies,sell,14.068869,18.85,265.13,0,12/6/2021,12/6/2021
SE,Sea Limited,sell,1.303261,246.81,321.66,0,12/6/2021,12/6/2021
SYNA,Synaptics,buy,0.354949,281.73,100,0,12/6/2021,12/6/2021
ZI,ZoomInfo Technologies,buy,0.83257,60.06,50,0,12/6/2021,12/6/2021
QRVO,Qorvo,buy,0.327223,152.8,50,0,12/6/2021,12/6/2021
AMTB,Amerant Bancorp,buy,1.625417,30.76,50,0,12/6/2021,12/6/2021
BX,Blackstone,buy,0.74074,135,100,0,12/6/2021,12/6/2021
DOCS,Doximity,buy,0.833377,60,50,0,12/6/2021,12/7/2021
BX,Blackstone,buy,1.450852,137.85,200,0,12/7/2021,12/7/2021
PAC,Grupo Aeroportuario del Pacific,buy,1.250625,119.94,150,0,12/7/2021,12/7/2021
ZS,Zscaler,buy,0.34965,286,100,0,12/7/2021,12/7/2021
LCID,Lucid Group,buy,1.076194,46.46,50,0,12/7/2021,12/7/2021
MTTR,Matterport,buy,3.892565,25.69,100,0,12/7/2021,12/7/2021
PI,Impinj,buy,2.586318,77.33,200,0,12/7/2021,12/7/2021
AMTB,Amerant Bancorp,buy,4.820051,31.12,150,0,12/7/2021,12/7/2021
ZI,ZoomInfo Technologies,buy,1.607941,62.19,100,0,12/7/2021,12/7/2021
NVDA,NVIDIA,buy,0.161446,309.7,50,0,12/7/2021,12/7/2021
AFRM,Affirm,buy,0.429969,116.29,50,0,12/7/2021,12/7/2021
COST,Costco,buy,0.185787,538.25,100,0,12/7/2021,12/7/2021
CFLT,Confluent,buy,1.396978,71.58,100,0,12/7/2021,12/7/2021
MRVL,Marvell Technology,buy,0.571167,87.54,50,0,12/7/2021,12/7/2021
SI,Silvergate Capital,buy,0.317198,157.63,50,0,12/7/2021,12/7/2021
NET,Cloudflare,buy,0.637999,156.74,100,0,12/7/2021,12/7/2021
ESTC,Elastic N.V.,buy,1.70984,116.97,200,0,12/7/2021,12/7/2021
SNOW,Snowflake,buy,0.13657,366.11,50,0,12/7/2021,12/7/2021
V,Visa,buy,0.00183,207.65,0.38,0,12/7/2021,12/8/2021
ZTS,Zoetis,buy,0.217684,229.69,50,0,12/8/2021,12/8/2021
LC,Lending Club,buy,0.315258,31.72,10,0,12/8/2021,12/8/2021
TSCO,Tractor Supply,buy,0.002077,235.92,0.49,0,12/8/2021,12/9/2021
ACN,Accenture,buy,0.053636,372.88,20,0,12/8/2021,12/9/2021
SPLK,Splunk,buy,0.169117,118.26,20,0,12/8/2021,12/9/2021
UBS,UBS,buy,2.788622,17.93,50,0,12/9/2021,12/9/2021
MRVL,Marvell Technology,buy,0.273268,91.49,25,0,12/9/2021,12/9/2021
KEY,KeyBank,buy,1.079214,23.17,25,0,12/9/2021,12/9/2021
LULU,Lululemon,buy,0.048225,414.72,20,0,12/9/2021,12/9/2021
MSFT,Microsoft,buy,0.001103,335.45,0.37,0,12/9/2021,12/10/2021
S,SentinelOne,buy,0.522012,47.89,25,0,12/10/2021,12/10/2021
TWLO,Twilio,sell,0.416127,264.34,110,0,12/12/2021,12/13/2021
BLND,Blend Labs,sell,6.57438,8.14,53.5,0,12/12/2021,12/13/2021
KEY,KeyBank,buy,2.182426,22.91,50,0,12/12/2021,12/13/2021
TOST,Toast,sell,2.028128,36.98,75,0,12/12/2021,12/13/2021
PUBM,PubMatic,buy,0.65277,38.3,25,0,12/12/2021,12/13/2021
PYPL,PayPal,sell,0.960886,187.33,180,0,12/12/2021,12/13/2021
AXON,Axon,buy,0.352924,141.67,50,0,12/12/2021,12/13/2021
NVEE,NV5 Global,buy,0.200946,124.41,25,0,12/12/2021,12/13/2021
TGT,Target,buy,0.006391,237.83,1.52,0,12/10/2021,12/13/2021
AMZN,Amazon,sell,0.04654,3437.9,160,0,12/12/2021,12/13/2021
S,SentinelOne,buy,1.515109,49.5,75,0,12/12/2021,12/13/2021
AFRM,Affirm,sell,0.878627,113.81,100,0,12/12/2021,12/13/2021
ACN,Accenture,buy,0.197659,379.44,75,0,12/12/2021,12/13/2021
ZTS,Zoetis,buy,0.108695,230,25,0,12/13/2021,12/14/2021
ACN,Accenture,buy,0.133554,374.38,50,0,12/13/2021,12/14/2021
V,Visa,buy,0.236966,211,50,0,12/13/2021,12/14/2021
LC,Lending Club,sell,1.004722,26.08,26.2,0,12/14/2021,12/14/2021
TQQQ,ProShares UltraPro QQQ,buy,0.162144,154.18,25,0,12/14/2021,12/14/2021
MKC,McCormick,buy,0.536135,93.26,50,0,12/13/2021,12/14/2021
MELI,MercadoLibre,buy,0.086396,1157.46,100,0,12/14/2021,12/14/2021
TSCO,Tractor Supply,buy,0.042936,232.9,10,0,12/14/2021,12/14/2021
PI,Impinj,buy,0.618658,80.82,50,0,12/13/2021,12/14/2021
ZI,ZoomInfo Technologies,buy,0.832431,60.07,50,0,12/13/2021,12/14/2021
ZS,Zscaler,buy,0.175342,285.16,50,0,12/13/2021,12/14/2021
SOFI,SoFi Technologies,sell,3.924157,14.31,56.15,0,12/13/2021,12/14/2021
CRM,Salesforce,buy,0.190839,262,50,0,12/13/2021,12/14/2021
AXON,Axon,buy,0.209716,143.05,30,0,12/14/2021,12/14/2021
ETSY,Etsy,buy,0.235077,212.7,50,0,12/13/2021,12/14/2021
SYNA,Synaptics,buy,0.1819,274.88,50,0,12/13/2021,12/14/2021
LITE,Lumentum,buy,0.505254,98.96,50,0,12/13/2021,12/14/2021
MRVL,Marvell Technology,buy,0.881976,85.04,75,0,12/13/2021,12/14/2021
VRSN,VeriSign,buy,0.310366,241.65,75,0,12/13/2021,12/14/2021
SI,Silvergate Capital,sell,0.637219,135.06,86.06,0,12/14/2021,12/14/2021
NET,Cloudflare,buy,0.223813,134.04,30,0,12/14/2021,12/14/2021
PINS,Pinterest,sell,4.543198,35.33,160.49,0,12/15/2021,12/15/2021
LUV,Southwest Airlines,sell,2.382542,40,95.3,0,12/15/2021,12/15/2021
PI,Impinj,buy,0.602428,83,50,0,12/14/2021,12/15/2021
BASE,Couchbase,sell,1.471343,22.16,32.6,0,12/15/2021,12/15/2021
AXON,Axon,buy,0.344997,144.93,50,0,12/14/2021,12/15/2021
VRSN,VeriSign,buy,0.104672,238.84,25,0,12/14/2021,12/15/2021
AMZN,Amazon,sell,0.020759,3372.03,70,0,12/15/2021,12/15/2021
ZI,ZoomInfo Technologies,buy,0.413247,60.5,25,0,12/14/2021,12/15/2021
F,Ford Motor,buy,2.5,20,50,0,12/15/2021,12/15/2021
EOG,EOG Resources,sell,0.802743,85.82,68.89,0,12/16/2021,12/16/2021
DOCS,Doximity,sell,0.752668,53.14,40,0,12/16/2021,12/16/2021
PAYC,Paycom,buy,0.179928,416.83,75,0,12/16/2021,12/16/2021
BILL,Bill.com,buy,0.299222,250.65,75,0,12/16/2021,12/16/2021
CRM,Salesforce,buy,0.096153,260,25,0,12/16/2021,12/16/2021
S,SentinelOne,buy,0.499919,50.01,25,0,12/16/2021,12/16/2021
TQQQ,ProShares UltraPro QQQ,buy,0.299085,167.18,50,0,12/16/2021,12/16/2021
GDYN,Grid Dynamics,buy,0.645187,38.75,25,0,12/16/2021,12/16/2021
AXON,Axon,buy,0.168748,148.15,25,0,12/16/2021,12/16/2021
ZI,ZoomInfo Technologies,buy,0.380923,65.63,25,0,12/16/2021,12/16/2021
V,Visa,sell,0.347825,215.63,75,0,12/16/2021,12/16/2021
CRWD,CrowdStrike Holdings,buy,0.118132,211.63,25,0,12/16/2021,12/16/2021
VRSN,VeriSign,buy,0.102999,242.72,25,0,12/16/2021,12/16/2021
MELI,MercadoLibre,buy,0.020298,1231.65,25,0,12/16/2021,12/16/2021
DLO,DLocal,buy,0.719919,34.73,25,0,12/16/2021,12/16/2021
COIN,Coinbase,sell,0.12663,265.02,33.56,0,12/16/2021,12/16/2021
F,Ford Motor,buy,1.213592,20.6,25,0,12/16/2021,12/16/2021
SOFI,SoFi Technologies,buy,1.630903,15.33,25,0,12/16/2021,12/16/2021
ACN,Accenture,buy,0.06052,413.09,25,0,12/16/2021,12/16/2021
RBLX,Roblox,buy,0.245098,102,25,0,12/16/2021,12/16/2021
MKC,McCormick,buy,0.264047,94.68,25,0,12/16/2021,12/16/2021
MKL,Markel,buy,0.020281,1232.68,25,0,12/17/2021,12/17/2021
ABCB,Ameris Bank,buy,0.5124,48.79,25,0,12/17/2021,12/17/2021
BKNG,Booking Holdings,buy,0.011614,2152.57,25,0,12/17/2021,12/17/2021
OM,Outset Medical,buy,0.565994,44.17,25,0,12/17/2021,12/17/2021
U,Unity Software,buy,0.191962,130.23,25,0,12/17/2021,12/17/2021
BKNG,Booking Holdings,buy,0.022666,2205.95,50,0,12/17/2021,12/17/2021
OM,Outset Medical,buy,0.557662,44.83,25,0,12/17/2021,12/17/2021
MTTR,Matterport,sell,4.014706,22.42,90,0,12/17/2021,12/17/2021
DOCS,Doximity,sell,0.911311,49.7,45.29,0,12/17/2021,12/17/2021
TOST,Toast,sell,3.705912,33.73,125,0,12/17/2021,12/17/2021
QDEL,Quidel,buy,0.152648,163.78,25,0,12/17/2021,12/17/2021
MELI,MercadoLibre,buy,0.020869,1197.95,25,0,12/17/2021,12/17/2021
AFRM,Affirm,sell,0.414843,97.02,40.25,0,12/17/2021,12/17/2021
CFLT,Confluent,sell,2.374621,63.17,150,0,12/17/2021,12/17/2021
ENB,Enbridge,sell,1.237404,36.93,45.7,0,12/17/2021,12/17/2021
BX,Blackstone,sell,1.465499,122.83,180,0,12/17/2021,12/17/2021
TSLA,Tesla,buy,0.053141,940.89,50,0,12/17/2021,12/17/2021
BLK,BlackRock,buy,0.05469,914.24,50,0,12/17/2021,12/17/2021
QRVO,Qorvo,sell,0.724132,147.8,107.03,0,12/17/2021,12/17/2021
MQ,Marqeta,buy,3.134923,15.95,50,0,12/17/2021,12/20/2021
MITK,Mitek,sell,4.480405,16.29,73,0,12/20/2021,12/20/2021
TDOC,Teladoc Health,sell,0.647147,95.81,62,0,12/20/2021,12/20/2021
TTD,Trade Desk,buy,0.851091,88.12,75,0,12/20/2021,12/20/2021
TSCO,Tractor Supply,buy,0.340947,219.98,75,0,12/20/2021,12/20/2021
ACN,Accenture,buy,0.129015,387.55,50,0,12/20/2021,12/20/2021
ZI,ZoomInfo Technologies,buy,1.626114,61.5,100,0,12/20/2021,12/20/2021
NET,Cloudflare,buy,0.379598,131.72,50,0,12/20/2021,12/20/2021
COST,Costco,buy,0.138065,543.22,75,0,12/20/2021,12/20/2021
LULU,Lululemon,buy,0.135639,368.63,50,0,12/20/2021,12/20/2021
PI,Impinj,buy,0.610574,81.89,50,0,12/20/2021,12/20/2021
AMTB,Amerant Bancorp,buy,1.46959,34.02,50,0,12/20/2021,12/20/2021
CRM,Salesforce,buy,0.200674,249.16,50,0,12/20/2021,12/20/2021
VRSN,VeriSign,buy,0.102421,244.09,25,0,12/20/2021,12/20/2021
CRWD,CrowdStrike Holdings,buy,0.240859,207.59,50,0,12/20/2021,12/20/2021
TQQQ,ProShares UltraPro QQQ,sell,0.461229,143.33,66.11,0,12/20/2021,12/20/2021
QLD,ProShares Ultra QQQ,buy,0.308908,80.93,25,0,12/20/2021,12/20/2021
QQQ,Invesco QQQ,buy,0.105547,378.98,40,0,12/20/2021,12/20/2021
MQ,Marqeta,buy,1.150315,17.39,20,0,12/21/2021,12/21/2021
EPAM,EPAM Systems,buy,0.001493,669.79,1,0,12/23/2021,12/27/2021
PAC,Grupo Aeroportuario del Pacific,sell,0.72998,136.99,100,0,12/28/2021,12/28/2021
EPAM,EPAM Systems,buy,0.028681,697.33,20,0,12/28/2021,12/28/2021
TSLA,Tesla,sell,0.053141,1108.75,58.92,0,12/28/2021,12/28/2021
DAL,Delta Air Lines,sell,2.426889,38.59,93.65,0,12/28/2021,12/28/2021
CRWD,CrowdStrike Holdings,buy,0.120807,206.94,25,0,12/28/2021,12/28/2021
SOFI,SoFi Technologies,buy,1.666111,15.01,25,0,12/28/2021,12/28/2021
BKNG,Booking Holdings,buy,0.020863,2396.59,50,0,12/28/2021,12/28/2021
MKL,Markel,buy,0.020286,1232.38,25,0,12/28/2021,12/28/2021
EPAM,EPAM Systems,buy,0.116871,684.52,80,0,12/28/2021,12/28/2021
QLD,ProShares Ultra QQQ,sell,0.308908,91.35,28.22,0,12/28/2021,12/28/2021
TQQQ,ProShares UltraPro QQQ,buy,0.174428,171.99,30,0,12/28/2021,12/28/2021
MTTR,Matterport,sell,3.419068,17.55,60,0,1/5/2022,1/5/2022
F,Ford Motor,buy,0.406091,24.63,10,0,1/5/2022,1/5/2022
ABCB,Ameris Bank,buy,0.468048,53.41,25,0,1/5/2022,1/5/2022
MKL,Markel,buy,0.020123,1242.36,25,0,1/5/2022,1/5/2022
TQQQ,ProShares UltraPro QQQ,sell,0.174428,149.69,26.11,0,1/6/2022,1/6/2022
OKTA,Okta,buy,0.123505,202.42,25,0,1/6/2022,1/6/2022
DLO,DLocal,sell,0.719919,28.86,20.78,0,1/6/2022,1/6/2022
QDEL,Quidel,sell,0.290298,127.46,37,0,1/6/2022,1/6/2022
ACN,Accenture,sell,0.132011,378.76,50,0,1/6/2022,1/6/2022
ABCB,Ameris Bank,buy,0.461808,54.14,25,0,1/6/2022,1/6/2022
OKTA,Okta,buy,0.137646,217.95,30,0,1/12/2022,1/12/2022
ABCB,Ameris Bank,buy,0.516556,54.21,28,0,1/12/2022,1/13/2022
DDOG,Datadog,buy,0.215796,139.02,30,0,1/13/2022,1/13/2022
MTTR,Matterport,sell,1.26913,14.27,18.11,0,1/13/2022,1/13/2022
CFLT,Confluent,buy,0.287726,66.04,19,0,1/13/2022,1/13/2022
MITK,Mitek,sell,2.40084,16.66,40,0,1/13/2022,1/13/2022
CFLT,Confluent,buy,0.375939,66.5,25,0,1/13/2022,1/13/2022
QQQ,Invesco QQQ,sell,0.105547,381.82,40.3,0,1/13/2022,1/13/2022
TQQQ,ProShares UltraPro QQQ,buy,0.548095,72.98,40,0,1/13/2022,1/13/2022
T,AT&T,buy,0.555864,26.99,15,0,1/13/2022,1/13/2022
TQQQ,ProShares UltraPro QQQ,sell,0.548095,68.56,37.58,0,1/18/2022,1/18/2022
AAPL,Apple,buy,0.114491,174.69,20,0,2/2/2022,2/2/2022
T,AT&T,sell,0.555864,24.21,13.46,0,2/2/2022,2/2/2022
ETSY,Etsy,sell,0.237619,147.29,35,0,2/2/2022,2/2/2022
CRNC,Cerence,buy,1.153749,43.34,50,0,2/7/2022,2/7/2022
EGP,EastGroup Properties,buy,0.08641,196.74,17,0,2/8/2022,2/8/2022
TOST,Toast,sell,0.958402,24.3,23.29,0,2/8/2022,2/8/2022
EGP,EastGroup Properties,buy,0.076289,196.62,15,0,2/8/2022,2/8/2022
BKNG,Booking Holdings,sell,0.055143,2594.89,143.09,0,2/22/2022,2/22/2022
KEY,KeyBank,sell,4.369059,25.66,112.1,0,2/22/2022,2/22/2022
CFLT,Confluent,sell,1.676143,45.27,75.88,0,2/22/2022,2/22/2022
QDEL,Quidel,buy,0.196734,101.66,20,0,2/22/2022,2/22/2022
PYPL,PayPal,sell,1.833961,104.87,192.33,0,2/24/2022,2/24/2022
NET,Cloudflare,sell,1,107.4,107.4,0,2/24/2022,2/24/2022
ESTC,Elastic N.V.,sell,2,80.96,161.92,0,2/24/2022,2/24/2022
ZI,ZoomInfo Technologies,sell,5,51.86,259.3,0,2/24/2022,2/24/2022
ZS,Zscaler,sell,1,218.89,218.89,0,2/24/2022,2/24/2022
S,SentinelOne,sell,2,38.31,76.62,0,2/24/2022,2/24/2022
PUBM,PubMatic,sell,2,28.29,56.58,0,2/24/2022,2/24/2022
MQ,Marqeta,sell,4,9.85,39.4,0,2/24/2022,2/24/2022
RBLX,Roblox,sell,1,49.25,49.25,0,2/24/2022,2/24/2022
OM,Outset Medical,sell,1,42.47,42.47,0,2/24/2022,2/24/2022
TWLO,Twilio,sell,1,164,164,0,2/24/2022,2/24/2022
PI,Impinj,sell,2,65.94,131.88,0,2/24/2022,2/24/2022
TTD,Trade Desk,sell,1,81.78,81.78,0,2/24/2022,2/24/2022
LULU,Lululemon,sell,0.577147,310.16,179.01,0,2/24/2022,2/25/2022
SHOP,Shopify,sell,0.138038,676.41,93.37,0,2/24/2022,2/25/2022
COST,Costco,buy,0.186844,535.21,100,0,3/3/2022,3/3/2022
AAPL,Apple,buy,0.597853,167.27,100,0,3/3/2022,3/3/2022
NVDA,NVIDIA,buy,0.20952,238.64,50,0,3/3/2022,3/3/2022
TTD,Trade Desk,buy,0.6595,75.82,50,0,3/4/2022,3/4/2022
TSLA,Tesla,buy,0.118596,843.2,100,0,3/4/2022,3/4/2022
SYNA,Synaptics,buy,0.231288,216.18,50,0,3/4/2022,3/4/2022
TTD,Trade Desk,buy,1.504551,66.47,100,0,3/7/2022,3/7/2022
AAPL,Apple,buy,1.249805,160.04,200.02,0,3/7/2022,3/7/2022
NVEE,NV5 Global,sell,1,124.7,124.7,0,3/9/2022,3/9/2022
NVEE,NV5 Global,sell,0.39234,124.76,48.95,0,3/9/2022,3/9/2022
CRWD,CrowdStrike Holdings,buy,0.721986,207.76,150,0,3/18/2022,3/18/2022
SOFI,SoFi Technologies,sell,3.297014,9.85,32.48,0,3/18/2022,3/18/2022
LCID,Lucid Group,sell,1.269712,25.65,32.57,0,3/18/2022,3/18/2022
ESTC,Elastic N.V.,sell,0.179381,85.52,15.34,0,3/18/2022,3/21/2022
S,SentinelOne,sell,0.53704,39.27,21.09,0,3/18/2022,3/21/2022
ZS,Zscaler,sell,0.585121,220.11,128.79,0,3/18/2022,3/21/2022
MQ,Marqeta,sell,0.285238,11.53,3.29,0,3/18/2022,3/21/2022
PUBM,PubMatic,sell,0.480267,23.72,11.39,0,3/18/2022,3/21/2022
TWLO,Twilio,sell,0.288082,158.39,45.63,0,3/18/2022,3/21/2022
RBLX,Roblox,sell,0.551176,48.61,26.79,0,3/18/2022,3/21/2022
XOM,Exxon Mobil,buy,1.220032,81.97,100,0,3/21/2022,3/21/2022
DVN,Devon Energy,buy,1.632399,61.26,100,0,3/21/2022,3/21/2022
FANG,Diamondback Energy,buy,0.715486,139.77,100,0,3/21/2022,3/21/2022
AMD,AMD,buy,0.866314,115.43,100,0,3/21/2022,3/22/2022
AAPL,Apple,buy,0.302151,165.48,50,0,3/22/2022,3/22/2022
NVDA,NVIDIA,buy,0.18704,267.32,50,0,3/22/2022,3/22/2022
AMZN,Amazon,buy,0.015119,3307.1,50,0,3/22/2022,3/22/2022
MKL,Markel,sell,0.06069,1461.86,88.72,0,3/22/2022,3/22/2022
OM,Outset Medical,sell,0.123656,41.41,5.12,0,3/22/2022,3/22/2022
EPAM,EPAM Systems,sell,0.147045,290.73,42.75,0,3/22/2022,3/22/2022
CRNC,Cerence,sell,1.153749,35.92,41.44,0,3/22/2022,3/22/2022
OKTA,Okta,sell,0.261151,163.77,42.77,0,3/22/2022,3/22/2022
EGP,EastGroup Properties,sell,0.162699,194.78,31.69,0,3/22/2022,3/22/2022
NVDA,NVIDIA,buy,0.191386,261.25,50,0,3/23/2022,3/23/2022
NET,Cloudflare,buy,0.415523,120.33,50,0,3/23/2022,3/23/2022
INTC,Intel,buy,2.046257,48.87,100,0,3/23/2022,3/23/2022
XOM,Exxon Mobil,buy,1.200552,83.3,100,0,3/23/2022,3/23/2022
INTC,Intel,sell,2,48.48,96.96,0,3/23/2022,3/23/2022
TSLA,Tesla,sell,0.118596,1011.25,119.93,0,3/24/2022,3/24/2022
INTC,Intel,buy,1.005732,49.72,50,0,3/24/2022,3/24/2022
NVDA,NVIDIA,buy,0.371402,269.25,100,0,3/24/2022,3/24/2022
MTDR,Matador Resources,buy,2.692219,55.72,150,0,3/25/2022,3/25/2022
PAC,Grupo Aeroportuario del Pacific,sell,0.687408,151.05,103.83,0,3/25/2022,3/25/2022
T,AT&T,buy,4.166666,24,100,0,3/25/2022,3/28/2022
ACLS,Axcelis Technologies,buy,1,79.45,79.45,0,3/28/2022,3/28/2022
GDYN,Grid Dynamics,sell,0.645187,14.01,9.04,0,3/31/2022,3/31/2022
SYNA,Synaptics,sell,1,200,200,0,3/31/2022,3/31/2022
ABCB,Ameris Bank,sell,1.958812,43.92,86.04,0,3/31/2022,3/31/2022
PCOR,Procore Technologies,sell,1.136381,58.13,66.06,0,3/31/2022,3/31/2022
FB,Meta Platforms,sell,0.146606,222.98,32.69,0,3/31/2022,3/31/2022
TTD,Trade Desk,sell,2,73.8,147.6,0,4/1/2022,4/1/2022
TTD,Trade Desk,sell,1,73.7,73.7,0,4/1/2022,4/1/2022
TTD,Trade Desk,sell,1,73.75,73.75,0,4/1/2022,4/1/2022
TTD,Trade Desk,sell,0.015142,73.97,1.12,0,4/1/2022,4/1/2022
MELI,MercadoLibre,sell,0.127563,1230.84,157.01,0,4/1/2022,4/1/2022
NET,Cloudflare,sell,1,124.39,124.39,0,4/1/2022,4/1/2022
NET,Cloudflare,sell,0.241562,124.36,30.04,0,4/1/2022,4/1/2022
SNOW,Snowflake,sell,0.588155,239.97,141.14,0,4/1/2022,4/1/2022
F,Ford Motor,sell,4.897489,16.46,80.62,0,4/1/2022,4/1/2022
SE,Sea Limited,buy,0.373747,133.78,50,0,4/4/2022,4/4/2022
AAPL,Apple,buy,0.564063,177.29,100,0,4/4/2022,4/4/2022
SE,Sea Limited,buy,1,132,132,0,4/4/2022,4/4/2022
ACLS,Axcelis Technologies,sell,1,69.69,69.69,0,4/5/2022,4/5/2022
SE,Sea Limited,buy,1,128.5,128.5,0,4/4/2022,4/5/2022
AMZN,Amazon,buy,0.111016,3152.7,350,0,4/7/2022,4/7/2022
GOOG,Alphabet Class C,buy,0.146543,2729.57,400,0,4/7/2022,4/7/2022
MSFT,Microsoft,buy,0.663878,301.26,200,0,4/7/2022,4/7/2022
SE,Sea Limited,sell,2.373747,110.6,262.53,0,4/11/2022,4/11/2022
ETSY,Etsy,sell,0.846754,114.09,96.61,0,4/11/2022,4/11/2022
TDOC,Teladoc Health,sell,0.5188,64.13,33.27,0,4/11/2022,4/11/2022
MITK,Mitek,sell,3.704208,13.38,49.57,0,4/11/2022,4/11/2022
SQ,Block,sell,1,119.68,119.68,0,4/11/2022,4/11/2022
U,Unity Software,sell,0.632689,87.45,55.33,0,4/11/2022,4/11/2022
PI,Impinj,sell,2.482993,50.38,125.09,0,4/11/2022,4/11/2022
AXON,Axon,sell,1.076385,125.26,134.83,0,4/11/2022,4/11/2022
SYNA,Synaptics,sell,0.777397,163.49,127.1,0,4/11/2022,4/11/2022
AMPH,Amphastar Pharmaceuticals,buy,2.354071,42.48,100,0,4/11/2022,4/11/2022
APA,APA Corporation,buy,2.416726,41.38,100,0,4/11/2022,4/11/2022
HAL,Halliburton,buy,2.548095,39.25,100,0,4/11/2022,4/11/2022
HAL,Halliburton,buy,0.510529,39.18,20,0,4/11/2022,4/11/2022
HES,Hess,buy,0.893368,111.94,100,0,4/11/2022,4/11/2022
HES,Hess,buy,0.107066,112.08,12,0,4/11/2022,4/11/2022
HZNP,Horizon Therapeutics,buy,1,113.34,113.34,0,4/11/2022,4/11/2022
ABC,AmerisourceBergen,buy,1,165.24,165.24,0,4/11/2022,4/11/2022
EW,Edwards Lifesciences,buy,1,120.91,120.91,0,4/11/2022,4/11/2022
CVX,Chevron,buy,1,168.32,168.32,0,4/11/2022,4/11/2022
WMT,Walmart,buy,1,156.54,156.54,0,4/11/2022,4/11/2022
LPLA,LPL Financial,buy,1,197.69,197.69,0,4/11/2022,4/11/2022
UNH,UnitedHealth,buy,0.184189,542.92,100,0,4/11/2022,4/11/2022
AMPH,Amphastar Pharmaceuticals,buy,0.711237,42.18,30,0,4/11/2022,4/11/2022
OXY,Occidental Petroleum,buy,1,58.18,58.18,0,4/11/2022,4/11/2022
IPI,Intrepid Potash,buy,1,100.92,100.92,0,4/11/2022,4/11/2022
MTDR,Matador Resources,buy,1,55.9,55.9,0,4/12/2022,4/12/2022
NVDA,NVIDIA,sell,1,220.3,220.3,0,4/12/2022,4/12/2022
MRVL,Marvell Technology,sell,1.96605,61.75,121.41,0,4/12/2022,4/12/2022
NVDA,NVIDIA,sell,0.461057,219.32,101.12,0,4/12/2022,4/12/2022
AMD,AMD,sell,1.90758,97.59,186.16,0,4/12/2022,4/12/2022
CRM,Salesforce,sell,0.487666,198.5,96.8,0,4/12/2022,4/12/2022
BLK,BlackRock,sell,0.05469,729.93,39.92,0,4/12/2022,4/12/2022
TRMB,Trimble,sell,1.120487,71.86,80.52,0,4/12/2022,4/12/2022
PAYC,Paycom,sell,0.179928,325.46,58.56,0,4/12/2022,4/12/2022
BILL,Bill.com,sell,0.299222,211.52,63.29,0,4/12/2022,4/12/2022
ACN,Accenture,sell,0.51144,333.47,170.55,0,4/12/2022,4/12/2022
ZTS,Zoetis,sell,0.448917,191.57,86,0,4/12/2022,4/12/2022
BX,Blackstone,sell,0.830286,117.43,97.5,0,4/12/2022,4/12/2022
SHEL,Shell,buy,2,56.44,112.87,0,4/12/2022,4/12/2022
FMC,FMC,buy,1,138.08,138.08,0,4/12/2022,4/12/2022
REGN,Regeneron,buy,0.209282,716.74,150,0,4/12/2022,4/12/2022
AMTB,Amerant Bancorp,sell,8.241162,28.73,236.73,0,4/12/2022,4/12/2022
SHEL,Shell,buy,1,56.25,56.25,0,4/12/2022,4/12/2022
OXY,Occidental Petroleum,sell,1,59.5,59.5,0,4/11/2022,4/12/2022
IPI,Intrepid Potash,sell,1,104.76,104.76,0,4/12/2022,4/13/2022
T,AT&T,sell,4.166666,19.2,80.02,0,4/13/2022,4/13/2022
TSLA,Tesla,buy,0.201523,992.44,200,0,4/14/2022,4/14/2022
TSM,Taiwan Semiconductor Manufacturing,buy,1,99.22,99.22,0,4/14/2022,4/14/2022
CHKP,Check Point Software Technologies,buy,1,142.6,142.6,0,4/14/2022,4/14/2022
SHEL,Shell,buy,1,57.25,57.25,0,4/17/2022,4/18/2022
RJF,Raymond James,buy,1,110.67,110.67,0,4/17/2022,4/18/2022
AMPH,Amphastar Pharmaceuticals,sell,2,40,80,0,4/11/2022,4/18/2022
RTX,Raytheon Technologies,buy,1,104.21,104.21,0,4/17/2022,4/18/2022
TSLA,Tesla,buy,0.101092,989.2,100,0,4/17/2022,4/18/2022
WBD,Warner Bros. Discovery,sell,1,23.55,23.55,0,4/18/2022,4/18/2022
NVO,Novo Nordisk,buy,1,114.94,114.94,0,4/19/2022,4/19/2022
DDOG,Datadog,sell,0.215796,137.58,29.69,0,4/19/2022,4/19/2022
LPLA,LPL Financial,sell,1,218.5,218.5,0,4/17/2022,4/19/2022
UBS,UBS,sell,4,17.81,71.24,0,4/19/2022,4/19/2022
UBS,UBS,sell,0.197072,18.06,3.56,0,4/19/2022,4/20/2022
HAL,Halliburton,sell,2,40.47,80.94,0,4/11/2022,4/20/2022
SPLK,Splunk,sell,1,134.81,134.81,0,4/19/2022,4/20/2022
HES,Hess,sell,1,113.92,113.92,0,4/19/2022,4/20/2022
INTC,Intel,sell,1,47.92,47.92,0,4/19/2022,4/21/2022
APA,APA Corporation,sell,1,42.95,42.95,0,4/19/2022,4/21/2022
XOM,Exxon Mobil,sell,2,87.1,174.2,0,4/19/2022,4/21/2022
FMC,FMC,sell,1,135.67,135.67,0,4/19/2022,4/22/2022
TSCO,Tractor Supply,sell,1,214.65,214.65,0,4/19/2022,4/22/2022
AMPH,Amphastar Pharmaceuticals,sell,1,37.92,37.92,0,4/19/2022,4/22/2022
ABC,AmerisourceBergen,sell,1,158.79,158.79,0,4/19/2022,4/22/2022
AMPH,Amphastar Pharmaceuticals,sell,0.065308,37.36,2.44,0,4/22/2022,4/22/2022
MKC,McCormick,sell,1,101.92,101.92,0,4/19/2022,4/25/2022
TSLA,Tesla,buy,0.201565,992.24,200,0,4/25/2022,4/25/2022
NVO,Novo Nordisk,buy,1,111.65,111.65,0,4/25/2022,4/25/2022
APA,APA Corporation,sell,0.416726,37.27,15.53,0,4/25/2022,4/25/2022
APA,APA Corporation,sell,1,37.65,37.65,0,4/25/2022,4/25/2022
FANG,Diamondback Energy,buy,0.284514,121.82,34.66,0,4/25/2022,4/25/2022
MTDR,Matador Resources,sell,2,48.36,96.72,0,4/25/2022,4/25/2022
PXD,Pioneer Natural Resources,buy,1,230.99,230.99,0,4/25/2022,4/25/2022
TSM,Taiwan Semiconductor Manufacturing,sell,1,94.76,94.76,0,4/25/2022,4/26/2022
SHEL,Shell,sell,2,53.12,106.24,0,4/25/2022,4/26/2022
RTX,Raytheon Technologies,sell,1,97.07,97.07,0,4/25/2022,4/26/2022
HAL,Halliburton,sell,1,35.21,35.21,0,4/25/2022,4/26/2022
SHEL,Shell,sell,2,52.99,105.98,0,4/25/2022,4/26/2022
RJF,Raymond James,sell,1,102.07,102.07,0,4/25/2022,4/26/2022
DVN,Devon Energy,sell,1,56.63,56.63,0,4/25/2022,4/26/2022
MTDR,Matador Resources,sell,1,50.91,50.91,0,4/25/2022,4/26/2022
HZNP,Horizon Therapeutics,sell,1,105.58,105.58,0,4/25/2022,4/26/2022
EW,Edwards Lifesciences,sell,1,117.5,117.5,0,4/25/2022,4/26/2022
FANG,Diamondback Energy,sell,1,125.55,125.55,0,4/25/2022,4/26/2022
CHKP,Check Point Software Technologies,sell,1,136.11,136.11,0,4/25/2022,4/26/2022
WMT,Walmart,sell,1,154.96,154.96,0,4/25/2022,4/27/2022
NVO,Novo Nordisk,sell,2,107.96,215.92,0,4/25/2022,4/28/2022
TSLA,Tesla,buy,0.12055,829.53,100,0,4/28/2022,4/28/2022
TGT,Target,buy,0.3,233.83,70.15,0,4/28/2022,4/28/2022
EOG,EOG Resources,buy,2,113.82,227.64,0,4/28/2022,4/28/2022
PFE,Pfizer,buy,3,49.99,149.97,0,4/28/2022,4/28/2022
MOS,Mosaic Co.,buy,2,65.03,130.05,0,4/28/2022,4/28/2022
APA,APA Corporation,buy,3,40.73,122.19,0,4/28/2022,4/28/2022
CVX,Chevron,buy,1,160.54,160.54,0,4/28/2022,4/28/2022
INTC,Intel,sell,0.051989,46.74,2.43,0,4/28/2022,4/28/2022
OXY,Occidental Petroleum,buy,3,56.64,169.92,0,4/28/2022,4/28/2022
ISRG,Intuitive Surgical,sell,0.205321,243.52,50,0,4/28/2022,4/28/2022
ZI,ZoomInfo Technologies,sell,1.074684,49.54,53.24,0,4/28/2022,4/28/2022
LITE,Lumentum,sell,0.505254,83.05,41.96,0,4/28/2022,4/28/2022
HES,Hess,sell,0.000434,115.21,0.05,0,4/28/2022,4/28/2022
MKC,McCormick,buy,0.19166,103.62,19.86,0,4/28/2022,4/28/2022
TSCO,Tractor Supply,sell,0.330032,209.4,69.11,0,4/28/2022,4/28/2022
MTDR,Matador Resources,sell,0.692219,50.59,35.02,0,4/28/2022,4/28/2022
SPLK,Splunk,sell,0.368882,127.01,46.85,0,4/28/2022,4/28/2022
TSLA,Tesla,buy,0.055964,893.43,50,0,4/28/2022,4/28/2022
AMZN,Amazon,buy,0.019157,2610.01,50,0,4/28/2022,4/28/2022
MOS,Mosaic Co.,sell,2,65.06,130.12,0,4/28/2022,4/29/2022
CVX,Chevron,sell,1,158.08,158.08,0,4/27/2022,4/29/2022
TQQQ,ProShares UltraPro QQQ,buy,2,36.57,73.14,0,4/29/2022,4/29/2022
TQQQ,ProShares UltraPro QQQ,sell,2,36.6,73.2,0,4/29/2022,4/29/2022
AMZN,Amazon,buy,0.040294,2481.76,100,0,5/3/2022,5/3/2022
AMZN,Amazon,buy,0.020012,2498.5,50,0,5/3/2022,5/3/2022
TQQQ,ProShares UltraPro QQQ,buy,3,38.36,115.07,0,5/4/2022,5/4/2022
TQQQ,ProShares UltraPro QQQ,sell,3,37.85,113.55,0,5/4/2022,5/4/2022
TQQQ,ProShares UltraPro QQQ,buy,3,40.7,122.1,0,5/4/2022,5/4/2022
TQQQ,ProShares UltraPro QQQ,sell,3,37.98,113.93,0,5/5/2022,5/5/2022
HES,Hess,buy,3,108.07,324.21,0,5/9/2022,5/9/2022
ACLS,Axcelis Technologies,buy,3,56.96,170.88,0,5/9/2022,5/10/2022
CVX,Chevron,buy,1,162.45,162.45,0,5/9/2022,5/10/2022
REGN,Regeneron,sell,0.209282,615.34,128.78,0,5/10/2022,5/10/2022
HAL,Halliburton,sell,0.058624,34.63,2.03,0,5/10/2022,5/10/2022
UNH,UnitedHealth,sell,0.184189,483.69,89.09,0,5/10/2022,5/10/2022
ACLS,Axcelis Technologies,sell,3,53.7,161.09,0,5/10/2022,5/10/2022
XOM,Exxon Mobil,sell,0.420584,88.19,37.09,0,5/11/2022,5/11/2022
DVN,Devon Energy,sell,0.632399,67.43,42.64,0,5/11/2022,5/11/2022
TTD,Trade Desk,buy,3,48.98,146.94,0,5/11/2022,5/13/2022
TTD,Trade Desk,buy,4,51.42,205.68,0,5/11/2022,5/13/2022
CVX,Chevron,buy,2,174.74,349.48,0,4/19/2022,5/16/2022
TWI,Titan International,buy,5,17.38,86.9,0,5/16/2022,5/16/2022
TWI,Titan International,buy,6,17.2,103.2,0,5/16/2022,5/16/2022
OXY,Occidental Petroleum,sell,2,66.41,132.82,0,5/12/2022,5/18/2022
EOG,EOG Resources,sell,2,123.89,247.78,0,5/12/2022,5/18/2022
HES,Hess,sell,1,114.65,114.65,0,5/16/2022,5/18/2022
HES,Hess,sell,1,113.41,113.41,0,5/16/2022,5/18/2022
PXD,Pioneer Natural Resources,sell,1,268.51,268.51,0,5/11/2022,5/18/2022
PFE,Pfizer,sell,1,49.98,49.98,0,5/12/2022,5/19/2022
TGT,Target,buy,0.323519,154.55,50,0,5/19/2022,5/19/2022
OXY,Occidental Petroleum,buy,2,65.05,130.1,0,5/19/2022,5/19/2022
HES,Hess,buy,1,115.36,115.36,0,5/19/2022,5/19/2022
OXY,Occidental Petroleum,buy,2,65.39,130.78,0,5/19/2022,5/19/2022
TSLA,Tesla,sell,0.06962,718.18,50,0,5/20/2022,5/20/2022
TSLA,Tesla,sell,0.097449,718.32,70,0,5/20/2022,5/20/2022
LPLA,LPL Financial,buy,1,179.35,179.35,0,5/19/2022,5/20/2022
OXY,Occidental Petroleum,sell,1,63.1,63.1,0,5/18/2022,5/20/2022
AMTB,Amerant Bancorp,buy,4,28.71,114.84,0,5/19/2022,5/20/2022
OXY,Occidental Petroleum,buy,2,63.09,126.18,0,5/20/2022,5/20/2022
